region,country,life_expectancy,fertility,infant_deaths,neonatal_deaths,under5_deaths,pop_under_15,undernourish,urban_pop,electricity,mobile_phone,population,adm0_a3_is,geounit,capital,land,Code,Year
Eastern Africa,Burundi,57.77,6.11,56.3,27.2,85.6,45.17,21.58,10.92,6.16,20.25,9455733,BDI,Burundi,Gitega,Burundi,BDI,2011
Eastern Africa,Burundi,58.49,5.99,53.5,26.2,80.5,45.49,21.1,11.19,6.5,22.94,9795479,BDI,Burundi,Gitega,Burundi,BDI,2012
Eastern Africa,Burundi,59.24,5.89,50.8,25.2,75.7,45.83,21.34,11.48,6.9,24.99,10149577,BDI,Burundi,Gitega,Burundi,BDI,2013
Eastern Africa,Burundi,59.87,5.79,48.4,24.4,71.6,46.17,22.07,11.78,7.0,30.43,10494913,BDI,Burundi,Gitega,Burundi,BDI,2014
Eastern Africa,Burundi,60.22,5.7,46.3,23.6,67.9,46.8,23.33,12.08,7.89,46.59,10727148,BDI,Burundi,Gitega,Burundi,BDI,2015
Eastern Africa,Burundi,60.79,5.59,44.5,23.0,64.6,47.48,24.08,12.39,8.48,49.14,10903327,BDI,Burundi,Gitega,Burundi,BDI,2016
Eastern Africa,Burundi,61.55,5.48,42.9,22.4,61.7,47.72,24.55,12.71,9.3,53.07,11155593,BDI,Burundi,Gitega,Burundi,BDI,2017
Eastern Africa,Burundi,61.69,5.38,41.3,21.9,59.1,47.53,24.79,13.03,9.51,54.97,11493472,BDI,Burundi,Gitega,Burundi,BDI,2018
Eastern Africa,Burundi,62.35,5.27,40.0,21.3,56.7,47.11,25.48,13.37,9.84,55.01,11874838,BDI,Burundi,Gitega,Burundi,BDI,2019
Eastern Africa,Burundi,61.57,5.18,38.8,20.9,54.6,46.72,26.8,13.71,9.1,54.26,12220227,BDI,Burundi,Gitega,Burundi,BDI,2020
Eastern Africa,Burundi,61.66,5.08,37.6,20.4,52.6,46.29,27.35,14.06,10.23,61.67,12551213,BDI,Burundi,Gitega,Burundi,BDI,2021
Eastern Africa,Comoros,61.5,4.72,53.1,32.8,70.3,41.52,14.0,28.04,69.33,32.3,670071,COM,Comoros,Moroni,Comoros,COM,2011
Eastern Africa,Comoros,61.83,4.64,51.6,32.0,68.0,41.07,13.7,28.12,69.3,41.42,684553,COM,Comoros,Moroni,Comoros,COM,2012
Eastern Africa,Comoros,62.22,4.57,50.1,31.2,65.8,40.63,13.2,28.22,69.44,49.69,699393,COM,Comoros,Moroni,Comoros,COM,2013
Eastern Africa,Comoros,62.52,4.49,48.7,30.5,63.5,40.22,12.8,28.34,71.76,53.6,714612,COM,Comoros,Moroni,Comoros,COM,2014
Eastern Africa,Comoros,62.9,4.42,47.2,29.8,61.2,39.85,12.4,28.47,74.08,58.17,730216,COM,Comoros,Moroni,Comoros,COM,2015
Eastern Africa,Comoros,63.24,4.35,45.7,29.1,59.0,39.5,11.9,28.62,76.4,60.89,746232,COM,Comoros,Moroni,Comoros,COM,2016
Eastern Africa,Comoros,63.62,4.28,44.3,28.4,56.9,39.18,11.6,28.78,78.71,61.56,761664,COM,Comoros,Moroni,Comoros,COM,2017
Eastern Africa,Comoros,63.91,4.2,42.9,27.7,54.9,38.91,11.7,28.96,81.02,64.27,776313,COM,Comoros,Moroni,Comoros,COM,2018
Eastern Africa,Comoros,64.07,4.12,41.6,27.1,53.1,38.69,11.6,29.16,83.33,72.72,790986,COM,Comoros,Moroni,Comoros,COM,2019
Eastern Africa,Comoros,64.17,4.05,40.4,26.5,51.3,38.47,11.9,29.38,85.64,96.95,806166,COM,Comoros,Moroni,Comoros,COM,2020
Eastern Africa,Comoros,63.42,3.98,39.3,25.8,49.7,38.26,13.5,29.61,87.94,103.87,821625,COM,Comoros,Moroni,Comoros,COM,2021
Eastern Africa,Djibouti,60.43,3.3,60.8,36.7,74.3,35.69,28.5,77.06,58.12,20.61,936811,DJI,Djibouti,Djibouti,Djibouti,DJI,2011
Eastern Africa,Djibouti,60.85,3.24,59.3,35.9,72.2,35.28,26.9,77.14,54.6,22.26,954297,DJI,Djibouti,Djibouti,Djibouti,DJI,2012
Eastern Africa,Djibouti,61.22,3.18,57.6,35.2,69.9,34.86,25.3,77.22,58.64,25.12,971753,DJI,Djibouti,Djibouti,Djibouti,DJI,2013
Eastern Africa,Djibouti,61.64,3.11,56.1,34.5,67.8,34.39,22.9,77.31,58.89,29.02,989087,DJI,Djibouti,Djibouti,Djibouti,DJI,2014
Eastern Africa,Djibouti,61.96,3.07,54.5,33.9,65.6,33.88,21.3,77.42,59.13,31.24,1006259,DJI,Djibouti,Djibouti,Djibouti,DJI,2015
Eastern Africa,Djibouti,62.19,3.01,53.1,33.2,63.8,33.34,20.2,77.53,59.84,33.74,1023261,DJI,Djibouti,Djibouti,Djibouti,DJI,2016
Eastern Africa,Djibouti,62.8,2.97,51.7,32.4,61.9,32.77,19.9,77.65,60.2,35.86,1040233,DJI,Djibouti,Djibouti,Djibouti,DJI,2017
Eastern Africa,Djibouti,63.04,2.93,50.3,31.7,59.9,32.2,19.4,77.78,62.41,37.37,1057198,DJI,Djibouti,Djibouti,Djibouti,DJI,2018
Eastern Africa,Djibouti,63.08,2.89,48.7,31.0,57.9,31.67,19.0,77.92,64.7,38.54,1073994,DJI,Djibouti,Djibouti,Djibouti,DJI,2019
Eastern Africa,Djibouti,62.69,2.85,47.2,30.4,56.0,31.19,17.3,78.06,64.5,39.81,1090156,DJI,Djibouti,Djibouti,Djibouti,DJI,2020
Eastern Africa,Djibouti,62.3,2.8,45.9,29.6,54.1,30.77,16.8,78.22,65.44,44.26,1105557,DJI,Djibouti,Djibouti,Djibouti,DJI,2021
Eastern Africa,Eritrea,64.4,4.49,38.0,21.5,53.3,42.42,21.58,35.77,41.2,7.54,3207570,ERI,Eritrea,Asmara,Eritrea,ERI,2011
Eastern Africa,Eritrea,64.84,4.41,37.0,21.0,51.5,42.23,21.1,36.37,42.35,9.39,3252596,ERI,Eritrea,Asmara,Eritrea,ERI,2012
Eastern Africa,Eritrea,65.07,4.34,36.0,20.6,49.8,42.09,21.34,36.98,43.49,10.76,3296367,ERI,Eritrea,Asmara,Eritrea,ERI,2013
Eastern Africa,Eritrea,65.6,4.27,35.0,20.2,48.1,42.12,22.07,37.59,44.63,12.56,3323425,ERI,Eritrea,Asmara,Eritrea,ERI,2014
Eastern Africa,Eritrea,66.03,4.22,34.0,19.7,46.4,42.22,23.33,38.21,45.77,14.22,3340006,ERI,Eritrea,Asmara,Eritrea,ERI,2015
Eastern Africa,Eritrea,66.29,4.16,33.1,19.3,44.9,42.17,24.08,38.83,46.9,15.04,3365287,ERI,Eritrea,Asmara,Eritrea,ERI,2016
Eastern Africa,Eritrea,66.58,4.11,32.2,18.9,43.4,41.99,24.55,39.45,48.02,20.46,3396933,ERI,Eritrea,Asmara,Eritrea,ERI,2017
Eastern Africa,Eritrea,67.07,4.06,31.4,18.5,41.9,41.56,24.79,40.08,49.15,48.55,3445374,ERI,Eritrea,Asmara,Eritrea,ERI,2018
Eastern Africa,Eritrea,67.3,4.0,30.5,18.1,40.6,41.03,25.48,40.71,50.27,37.47,3498818,ERI,Eritrea,Asmara,Eritrea,ERI,2019
Eastern Africa,Eritrea,67.13,3.93,29.7,17.7,39.3,40.42,26.8,41.35,51.39,50.65,3555868,ERI,Eritrea,Asmara,Eritrea,ERI,2020
Eastern Africa,Eritrea,66.54,3.87,28.9,17.3,38.1,39.78,27.35,41.98,52.51,49.75,3620312,ERI,Eritrea,Asmara,Eritrea,ERI,2021
Eastern Africa,Ethiopia,60.72,5.05,51.9,36.8,77.7,44.6,20.3,17.74,23.0,15.39,91817929,ETH,Ethiopia,Addis Abeba,Ethiopia,ETH,2011
Eastern Africa,Ethiopia,61.54,4.88,49.5,35.6,73.6,44.09,18.9,18.16,29.02,21.73,94451280,ETH,Ethiopia,Addis Abeba,Ethiopia,ETH,2012
Eastern Africa,Ethiopia,62.37,4.72,47.3,34.4,69.6,43.57,17.3,18.58,30.78,26.42,97084366,ETH,Ethiopia,Addis Abeba,Ethiopia,ETH,2013
Eastern Africa,Ethiopia,62.9,4.61,45.2,33.1,65.9,43.04,15.6,19.0,27.2,30.57,99746766,ETH,Ethiopia,Addis Abeba,Ethiopia,ETH,2014
Eastern Africa,Ethiopia,63.65,4.53,43.2,32.0,62.4,42.52,14.5,19.43,29.0,41.29,102471895,ETH,Ethiopia,Addis Abeba,Ethiopia,ETH,2015
Eastern Africa,Ethiopia,64.39,4.47,41.3,30.8,59.0,42.02,14.1,19.87,42.9,48.65,105293228,ETH,Ethiopia,Addis Abeba,Ethiopia,ETH,2016
Eastern Africa,Ethiopia,64.84,4.39,39.6,29.7,56.0,41.53,15.5,20.31,44.3,36.6,108197950,ETH,Ethiopia,Addis Abeba,Ethiopia,ETH,2017
Eastern Africa,Ethiopia,65.41,4.34,38.0,28.7,53.2,41.08,18.0,20.76,44.84,48.55,111129438,ETH,Ethiopia,Addis Abeba,Ethiopia,ETH,2018
Eastern Africa,Ethiopia,65.84,4.32,36.6,27.8,50.9,40.69,20.7,21.22,48.05,36.73,114120594,ETH,Ethiopia,Addis Abeba,Ethiopia,ETH,2019
Eastern Africa,Ethiopia,65.37,4.24,35.4,27.0,48.7,40.31,22.3,21.7,51.14,37.97,117190911,ETH,Ethiopia,Addis Abeba,Ethiopia,ETH,2020
Eastern Africa,Ethiopia,64.97,4.16,34.3,26.2,46.8,39.96,21.9,22.17,54.19,53.62,120283026,ETH,Ethiopia,Addis Abeba,Ethiopia,ETH,2021
Eastern Africa,Kenya,61.05,4.22,37.5,22.7,53.9,43.05,19.2,23.97,36.16,65.86,42635144,KEN,Kenya,Nairobi,Kenya,KEN,2011
Eastern Africa,Kenya,61.12,4.09,37.1,22.3,52.2,42.75,18.3,24.38,38.13,70.28,43725806,KEN,Kenya,Nairobi,Kenya,KEN,2012
Eastern Africa,Kenya,61.39,3.95,36.0,21.9,50.1,42.4,18.1,24.79,40.09,71.06,44792368,KEN,Kenya,Nairobi,Kenya,KEN,2013
Eastern Africa,Kenya,61.82,3.84,34.7,21.5,48.1,42.0,18.3,25.22,36.0,73.38,45831863,KEN,Kenya,Nairobi,Kenya,KEN,2014
Eastern Africa,Kenya,61.89,3.8,33.1,21.1,45.9,41.57,20.0,25.66,41.6,80.5,46851488,KEN,Kenya,Nairobi,Kenya,KEN,2015
Eastern Africa,Kenya,62.16,3.72,32.2,20.6,43.8,41.11,21.5,26.1,53.1,81.39,47894670,KEN,Kenya,Nairobi,Kenya,KEN,2016
Eastern Africa,Kenya,62.48,3.64,31.6,20.2,42.4,40.6,22.8,26.56,55.83,87.47,48948137,KEN,Kenya,Nairobi,Kenya,KEN,2017
Eastern Africa,Kenya,62.68,3.58,30.6,19.8,40.8,40.08,22.2,27.03,61.18,99.1,49953304,KEN,Kenya,Nairobi,Kenya,KEN,2018
Eastern Africa,Kenya,62.94,3.47,29.7,19.4,39.4,39.53,23.0,27.51,69.7,107.07,50951450,KEN,Kenya,Nairobi,Kenya,KEN,2019
Eastern Africa,Kenya,62.68,3.4,29.0,19.0,38.6,38.97,24.7,28.0,71.49,118.13,51985780,KEN,Kenya,Nairobi,Kenya,KEN,2020
Eastern Africa,Kenya,61.43,3.34,28.0,18.4,37.2,38.4,27.8,28.49,76.54,122.79,53005614,KEN,Kenya,Nairobi,Kenya,KEN,2021
Eastern Africa,Madagascar,63.49,4.61,47.1,24.8,69.2,42.86,27.2,32.58,14.3,38.84,22348158,MDG,Madagascar,Antananarivo,Madagascar,MDG,2011
Eastern Africa,Madagascar,63.54,4.47,46.3,24.6,68.0,42.48,29.3,33.23,18.7,38.22,22966240,MDG,Madagascar,Antananarivo,Madagascar,MDG,2012
Eastern Africa,Madagascar,63.96,4.36,45.8,24.3,67.0,42.09,33.0,33.88,12.9,35.87,23588073,MDG,Madagascar,Antananarivo,Madagascar,MDG,2013
Eastern Africa,Madagascar,64.26,4.25,45.5,24.2,66.4,41.7,37.7,34.53,22.98,40.11,24215976,MDG,Madagascar,Antananarivo,Madagascar,MDG,2014
Eastern Africa,Madagascar,64.34,4.18,45.2,24.1,66.0,41.33,40.4,35.19,23.76,43.03,24850912,MDG,Madagascar,Antananarivo,Madagascar,MDG,2015
Eastern Africa,Madagascar,65.0,4.16,45.1,24.1,65.8,40.99,41.9,35.86,22.9,31.36,25501941,MDG,Madagascar,Antananarivo,Madagascar,MDG,2016
Eastern Africa,Madagascar,65.09,4.11,45.1,24.0,65.7,40.67,42.8,36.52,24.1,33.36,26169542,MDG,Madagascar,Antananarivo,Madagascar,MDG,2017
Eastern Africa,Madagascar,65.27,4.04,45.2,24.0,65.8,40.36,44.7,37.19,36.5,39.69,26846541,MDG,Madagascar,Antananarivo,Madagascar,MDG,2018
Eastern Africa,Madagascar,65.88,3.98,45.3,24.1,66.1,40.04,47.1,37.86,31.04,47.23,27533134,MDG,Madagascar,Antananarivo,Madagascar,MDG,2019
Eastern Africa,Madagascar,65.18,3.92,45.3,24.1,66.1,39.72,49.5,38.53,32.0,56.22,28225177,MDG,Madagascar,Antananarivo,Madagascar,MDG,2020
Eastern Africa,Madagascar,64.48,3.85,45.3,24.1,66.0,39.4,51.0,39.21,35.12,56.3,28915653,MDG,Madagascar,Antananarivo,Madagascar,MDG,2021
Eastern Africa,Malawi,57.46,5.11,48.5,25.6,76.9,46.58,12.1,15.67,7.6,26.09,15146094,MWI,Malawi,Lilongwe,Malawi,MWI,2011
Eastern Africa,Malawi,58.68,4.92,45.6,24.8,70.5,46.55,12.4,15.81,7.4,29.82,15581251,MWI,Malawi,Lilongwe,Malawi,MWI,2012
Eastern Africa,Malawi,59.73,4.78,42.8,23.9,64.5,46.44,12.9,15.97,9.0,33.01,16024775,MWI,Malawi,Lilongwe,Malawi,MWI,2013
Eastern Africa,Malawi,60.9,4.61,40.4,23.1,59.8,46.25,13.3,16.13,11.9,34.18,16477966,MWI,Malawi,Lilongwe,Malawi,MWI,2014
Eastern Africa,Malawi,61.38,4.45,38.6,22.4,56.6,45.99,13.9,16.31,10.8,38.77,16938942,MWI,Malawi,Lilongwe,Malawi,MWI,2015
Eastern Africa,Malawi,62.21,4.31,36.9,21.8,53.5,45.66,14.3,16.51,11.0,41.24,17405624,MWI,Malawi,Lilongwe,Malawi,MWI,2016
Eastern Africa,Malawi,62.98,4.22,35.5,21.2,50.7,45.26,15.1,16.71,12.7,43.47,17881167,MWI,Malawi,Lilongwe,Malawi,MWI,2017
Eastern Africa,Malawi,63.28,4.14,34.2,20.7,47.8,44.8,15.7,16.94,18.02,38.53,18367883,MWI,Malawi,Lilongwe,Malawi,MWI,2018
Eastern Africa,Malawi,64.12,4.07,33.0,20.2,45.6,44.29,16.5,17.17,11.2,47.18,18867337,MWI,Malawi,Lilongwe,Malawi,MWI,2019
Eastern Africa,Malawi,63.72,4.0,32.1,19.8,43.5,43.73,17.2,17.43,11.5,51.63,19377061,MWI,Malawi,Lilongwe,Malawi,MWI,2020
Eastern Africa,Malawi,62.9,3.92,31.2,19.3,41.9,43.16,17.8,17.7,14.19,60.03,19889742,MWI,Malawi,Lilongwe,Malawi,MWI,2021
Eastern Africa,Mauritius,73.27,1.55,12.7,9.4,14.8,21.45,5.1,41.44,99.6,100.61,1252404,MUS,Mauritius,Port Louis,Mauritius,MUS,2011
Eastern Africa,Mauritius,73.86,1.54,12.9,9.4,14.9,20.99,5.4,41.33,99.37,115.29,1255882,MUS,Mauritius,Port Louis,Mauritius,MUS,2012
Eastern Africa,Mauritius,74.02,1.44,13.0,9.4,14.9,20.55,5.6,41.22,99.4,118.82,1258927,MUS,Mauritius,Port Louis,Mauritius,MUS,2013
Eastern Africa,Mauritius,74.19,1.43,12.9,9.3,14.8,20.06,5.7,41.11,99.47,127.85,1261208,MUS,Mauritius,Port Louis,Mauritius,MUS,2014
Eastern Africa,Mauritius,74.35,1.36,12.9,9.1,14.6,19.52,5.9,41.0,99.57,136.28,1262879,MUS,Mauritius,Port Louis,Mauritius,MUS,2015
Eastern Africa,Mauritius,74.39,1.4,12.9,9.1,14.6,18.99,6.1,40.91,99.69,140.2,1263747,MUS,Mauritius,Port Louis,Mauritius,MUS,2016
Eastern Africa,Mauritius,74.51,1.44,13.3,9.3,14.9,18.49,6.2,40.84,99.61,142.07,1264887,MUS,Mauritius,Port Louis,Mauritius,MUS,2017
Eastern Africa,Mauritius,74.42,1.41,13.8,9.7,15.4,17.99,5.9,40.79,99.79,148.06,1265577,MUS,Mauritius,Port Louis,Mauritius,MUS,2018
Eastern Africa,Mauritius,74.24,1.4,14.5,10.1,15.9,17.5,6.6,40.77,100.0,144.0,1265985,MUS,Mauritius,Port Louis,Mauritius,MUS,2019
Eastern Africa,Mauritius,74.18,1.44,14.9,10.4,16.3,17.03,6.9,40.76,99.46,147.39,1266014,MUS,Mauritius,Port Louis,Mauritius,MUS,2020
Eastern Africa,Mauritius,73.68,1.41,15.3,10.6,16.6,16.64,6.8,40.78,99.6,151.77,1266334,MUS,Mauritius,Port Louis,Mauritius,MUS,2021
Eastern Africa,Mozambique,54.87,5.55,67.8,33.5,100.6,45.48,16.0,32.34,20.2,33.06,23760421,MOZ,Mozambique,Maputo,Mozambique,MOZ,2011
Eastern Africa,Mozambique,55.64,5.45,65.4,32.9,96.4,45.45,17.2,32.85,21.21,35.96,24487611,MOZ,Mozambique,Maputo,Mozambique,MOZ,2012
Eastern Africa,Mozambique,56.49,5.34,63.4,32.4,92.1,45.35,23.5,33.36,22.41,49.11,25251731,MOZ,Mozambique,Maputo,Mozambique,MOZ,2013
Eastern Africa,Mozambique,57.27,5.13,61.9,31.8,88.3,45.18,31.2,33.88,24.8,70.98,26038704,MOZ,Mozambique,Maputo,Mozambique,MOZ,2014
Eastern Africa,Mozambique,58.15,5.06,60.4,31.2,84.0,44.96,39.5,34.4,24.0,75.01,26843246,MOZ,Mozambique,Maputo,Mozambique,MOZ,2015
Eastern Africa,Mozambique,59.04,4.99,58.9,30.5,80.8,44.71,40.7,34.93,26.22,54.25,27696493,MOZ,Mozambique,Maputo,Mozambique,MOZ,2016
Eastern Africa,Mozambique,59.77,4.92,56.7,29.9,78.4,44.46,35.5,35.46,24.3,41.57,28569441,MOZ,Mozambique,Maputo,Mozambique,MOZ,2017
Eastern Africa,Mozambique,60.53,4.85,55.2,29.4,76.3,44.26,29.5,35.99,31.1,47.83,29423878,MOZ,Mozambique,Maputo,Mozambique,MOZ,2018
Eastern Africa,Mozambique,61.17,4.78,53.6,28.7,73.5,44.06,27.0,36.53,29.69,48.78,30285595,MOZ,Mozambique,Maputo,Mozambique,MOZ,2019
Eastern Africa,Mozambique,61.17,4.71,52.5,28.1,71.6,43.86,29.5,37.07,30.61,49.6,31178239,MOZ,Mozambique,Maputo,Mozambique,MOZ,2020
Eastern Africa,Mozambique,59.32,4.64,51.0,27.5,69.6,43.68,30.5,37.63,31.49,42.67,32077072,MOZ,Mozambique,Maputo,Mozambique,MOZ,2021
Eastern Africa,Rwanda,63.26,4.36,40.8,22.3,58.6,41.93,33.0,16.94,10.8,42.04,10576932,RWA,Rwanda,Kigali,Rwanda,RWA,2011
Eastern Africa,Rwanda,64.01,4.23,39.0,21.5,55.2,41.74,33.0,16.94,17.5,52.5,10840334,RWA,Rwanda,Kigali,Rwanda,RWA,2012
Eastern Africa,Rwanda,64.43,4.16,37.3,20.8,52.2,41.59,33.1,16.95,15.2,60.26,11101350,RWA,Rwanda,Kigali,Rwanda,RWA,2013
Eastern Africa,Rwanda,64.94,4.11,35.8,20.3,49.8,41.41,33.0,16.97,19.8,68.14,11368451,RWA,Rwanda,Kigali,Rwanda,RWA,2014
Eastern Africa,Rwanda,65.3,4.08,34.7,19.8,47.7,41.17,32.6,17.0,22.8,75.24,11642959,RWA,Rwanda,Kigali,Rwanda,RWA,2015
Eastern Africa,Rwanda,65.74,4.06,33.8,19.4,46.1,40.86,31.5,17.06,29.37,74.78,11930899,RWA,Rwanda,Kigali,Rwanda,RWA,2016
Eastern Africa,Rwanda,65.94,4.03,32.9,19.0,44.6,40.51,31.4,17.12,34.1,72.11,12230339,RWA,Rwanda,Kigali,Rwanda,RWA,2017
Eastern Africa,Rwanda,66.25,3.99,32.1,18.6,43.4,40.15,31.8,17.21,37.96,77.41,12531808,RWA,Rwanda,Kigali,Rwanda,RWA,2018
Eastern Africa,Rwanda,66.44,3.94,31.2,18.3,42.1,39.76,32.7,17.31,46.6,75.25,12835028,RWA,Rwanda,Kigali,Rwanda,RWA,2019
Eastern Africa,Rwanda,66.77,3.87,30.4,17.9,40.7,39.33,32.4,17.43,45.19,80.74,13146362,RWA,Rwanda,Kigali,Rwanda,RWA,2020
Eastern Africa,Rwanda,66.07,3.82,29.7,17.5,39.4,38.89,31.6,17.57,48.7,80.99,13461888,RWA,Rwanda,Kigali,Rwanda,RWA,2021
Eastern Africa,Seychelles,72.72,2.33,12.3,8.9,14.3,23.82,5.0,53.72,98.08,134.92,87441,SYC,Seychelles,Victoria,Seychelles,SYC,2011
Eastern Africa,Seychelles,74.28,2.37,12.4,8.9,14.4,23.57,5.6,54.12,98.3,143.2,88303,SYC,Seychelles,Victoria,Seychelles,SYC,2012
Eastern Africa,Seychelles,73.12,2.26,12.4,8.9,14.4,23.48,5.7,54.54,98.0,141.44,89949,SYC,Seychelles,Victoria,Seychelles,SYC,2013
Eastern Africa,Seychelles,73.23,2.25,12.5,9.0,14.5,23.39,5.7,54.97,100.0,154.42,91359,SYC,Seychelles,Victoria,Seychelles,SYC,2014
Eastern Africa,Seychelles,74.3,2.31,12.5,9.0,14.5,23.33,5.2,55.4,100.0,149.38,93419,SYC,Seychelles,Victoria,Seychelles,SYC,2015
Eastern Africa,Seychelles,74.31,2.39,12.5,9.0,14.6,23.33,4.7,55.83,100.0,151.09,94677,SYC,Seychelles,Victoria,Seychelles,SYC,2016
Eastern Africa,Seychelles,74.3,2.41,12.6,9.0,14.6,23.37,4.3,56.26,100.0,164.31,95843,SYC,Seychelles,Victoria,Seychelles,SYC,2017
Eastern Africa,Seychelles,72.84,2.41,12.5,9.0,14.5,23.36,4.0,56.69,100.0,173.56,96762,SYC,Seychelles,Victoria,Seychelles,SYC,2018
Eastern Africa,Seychelles,74.05,2.36,12.4,9.0,14.4,23.32,4.0,57.12,100.0,185.56,97625,SYC,Seychelles,Victoria,Seychelles,SYC,2019
Eastern Africa,Seychelles,77.24,2.29,12.2,8.8,14.2,23.24,3.5,57.55,100.0,173.88,98462,SYC,Seychelles,Victoria,Seychelles,SYC,2020
Eastern Africa,Seychelles,73.4,2.46,12.0,8.6,13.9,23.16,4.3,57.97,100.0,172.67,99258,SYC,Seychelles,Victoria,Seychelles,SYC,2021
Eastern Africa,Somalia,51.3,7.26,93.7,42.8,152.7,48.17,68.0,41.0,52.01,14.73,12216837,SOM,Somalia,Mogadishu,Somalia,SOM,2011
Eastern Africa,Somalia,53.16,7.2,91.2,42.1,148.1,48.07,64.2,41.56,51.76,18.49,12440326,SOM,Somalia,Mogadishu,Somalia,SOM,2012
Eastern Africa,Somalia,53.84,7.13,88.6,41.3,143.4,47.99,60.4,42.12,51.55,40.33,12852485,SOM,Somalia,Mogadishu,Somalia,SOM,2013
Eastern Africa,Somalia,54.28,7.06,86.2,40.7,138.9,47.9,58.7,42.68,51.38,41.32,13309235,SOM,Somalia,Mogadishu,Somalia,SOM,2014
Eastern Africa,Somalia,54.86,6.98,83.7,40.0,134.5,47.82,58.2,43.24,51.24,42.4,13763906,SOM,Somalia,Mogadishu,Somalia,SOM,2015
Eastern Africa,Somalia,55.04,6.89,81.4,39.3,130.3,47.75,57.7,43.82,51.12,46.55,14292847,SOM,Somalia,Mogadishu,Somalia,SOM,2016
Eastern Africa,Somalia,55.65,6.74,79.1,38.5,126.1,47.66,56.6,44.39,52.1,47.89,14864221,SOM,Somalia,Mogadishu,Somalia,SOM,2017
Eastern Africa,Somalia,56.38,6.63,77.1,37.8,122.5,47.55,54.0,44.97,50.73,49.66,15411094,SOM,Somalia,Mogadishu,Somalia,SOM,2018
Eastern Africa,Somalia,57.08,6.53,74.9,37.2,118.6,47.44,51.9,45.55,49.2,51.48,15981300,SOM,Somalia,Mogadishu,Somalia,SOM,2019
Eastern Africa,Somalia,55.97,6.42,72.9,36.6,114.9,47.34,49.9,46.14,49.86,53.48,16537016,SOM,Somalia,Mogadishu,Somalia,SOM,2020
Eastern Africa,Somalia,55.28,6.31,71.1,36.0,111.8,47.25,48.7,46.73,49.32,51.82,17065581,SOM,Somalia,Mogadishu,Somalia,SOM,2021
Eastern Africa,South Sudan,54.94,5.29,67.0,41.8,104.5,42.34,21.58,18.03,2.78,17.57,10243050,SSD,South Sudan,Juba,South Sudan,SSD,2011
Eastern Africa,South Sudan,55.86,5.2,65.1,40.9,101.0,42.07,21.1,18.22,3.3,21.49,10701604,SSD,South Sudan,Juba,South Sudan,SSD,2012
Eastern Africa,South Sudan,55.75,5.11,64.0,40.5,99.2,42.02,21.34,18.42,3.81,25.69,11106031,SSD,South Sudan,Juba,South Sudan,SSD,2013
Eastern Africa,South Sudan,54.97,5.02,63.8,40.3,98.7,42.71,22.07,18.63,4.31,25.65,11213284,SSD,South Sudan,Juba,South Sudan,SSD,2014
Eastern Africa,South Sudan,55.57,4.94,63.8,40.1,98.7,43.53,23.33,18.85,4.81,25.9,11194299,SSD,South Sudan,Juba,South Sudan,SSD,2015
Eastern Africa,South Sudan,55.54,4.86,63.8,40.0,98.7,44.45,24.08,19.09,5.3,24.4,11066105,SSD,South Sudan,Juba,South Sudan,SSD,2016
Eastern Africa,South Sudan,55.31,4.78,63.8,39.9,98.7,46.02,24.55,19.35,4.2,26.17,10658226,SSD,South Sudan,Juba,South Sudan,SSD,2017
Eastern Africa,South Sudan,55.95,4.7,63.8,39.8,98.7,46.85,24.79,19.61,6.29,18.43,10395329,SSD,South Sudan,Juba,South Sudan,SSD,2018
Eastern Africa,South Sudan,55.91,4.62,63.8,39.8,98.7,46.38,25.48,19.9,6.77,21.27,10447666,SSD,South Sudan,Juba,South Sudan,SSD,2019
Eastern Africa,South Sudan,55.48,4.54,63.8,39.8,98.7,45.5,20.8,20.2,7.26,12.67,10606227,SSD,South Sudan,Juba,South Sudan,SSD,2020
Eastern Africa,South Sudan,54.98,4.47,63.8,39.6,98.7,44.71,21.4,20.51,7.75,30.48,10748272,SSD,South Sudan,Juba,South Sudan,SSD,2021
Eastern Africa,Tanzania,61.05,5.21,45.5,24.6,68.2,45.07,21.7,28.8,14.2,55.3,46416031,TZA,Tanzania,Dodoma,Tanzania,TZA,2011
Eastern Africa,Tanzania,62.03,5.1,44.1,24.1,65.2,45.02,20.7,29.49,15.3,56.96,47786137,TZA,Tanzania,Dodoma,Tanzania,TZA,2012
Eastern Africa,Tanzania,62.96,5.12,43.0,23.6,62.5,44.97,20.3,30.2,16.4,55.72,49253643,TZA,Tanzania,Dodoma,Tanzania,TZA,2013
Eastern Africa,Tanzania,63.87,5.12,41.9,23.1,59.8,44.91,20.2,30.9,23.5,62.7,50814552,TZA,Tanzania,Dodoma,Tanzania,TZA,2014
Eastern Africa,Tanzania,64.65,5.09,41.0,22.6,58.0,44.85,20.5,31.62,26.22,75.49,52542823,TZA,Tanzania,Dodoma,Tanzania,TZA,2015
Eastern Africa,Tanzania,65.39,5.03,39.7,22.1,55.8,44.75,21.1,32.33,32.8,73.61,54401802,TZA,Tanzania,Dodoma,Tanzania,TZA,2016
Eastern Africa,Tanzania,66.0,4.99,38.2,21.7,53.9,44.59,21.8,33.05,32.1,71.01,56267032,TZA,Tanzania,Dodoma,Tanzania,TZA,2017
Eastern Africa,Tanzania,66.54,4.92,36.8,21.3,51.9,44.39,22.2,33.78,34.93,74.88,58090443,TZA,Tanzania,Dodoma,Tanzania,TZA,2018
Eastern Africa,Tanzania,66.99,4.86,35.9,20.8,50.4,44.15,22.3,34.5,37.7,79.64,59872579,TZA,Tanzania,Dodoma,Tanzania,TZA,2019
Eastern Africa,Tanzania,66.41,4.8,34.9,20.4,49.0,43.88,22.2,35.23,39.9,83.01,61704518,TZA,Tanzania,Dodoma,Tanzania,TZA,2020
Eastern Africa,Tanzania,66.2,4.73,34.1,20.0,47.1,43.61,23.5,35.95,42.74,84.99,63588334,TZA,Tanzania,Dodoma,Tanzania,TZA,2021
Eastern Africa,Uganda,57.96,5.94,47.1,24.9,71.6,49.7,18.0,19.9,14.6,50.15,33295738,UGA,Uganda,Kampala,Uganda,UGA,2011
Eastern Africa,Uganda,58.82,5.78,44.5,24.3,66.7,49.49,19.3,20.42,20.47,47.72,34273295,UGA,Uganda,Kampala,Uganda,UGA,2012
Eastern Africa,Uganda,59.76,5.62,42.7,23.7,62.5,49.24,21.3,20.96,13.9,51.22,35273570,UGA,Uganda,Kampala,Uganda,UGA,2013
Eastern Africa,Uganda,60.41,5.46,41.0,23.0,59.1,48.92,24.7,21.5,20.4,56.05,36336539,UGA,Uganda,Kampala,Uganda,UGA,2014
Eastern Africa,Uganda,61.09,5.31,39.3,22.3,56.0,48.5,30.2,22.06,18.5,53.95,37477356,UGA,Uganda,Kampala,Uganda,UGA,2015
Eastern Africa,Uganda,61.65,5.17,37.6,21.6,52.7,47.95,34.2,22.62,26.7,58.94,38748299,UGA,Uganda,Kampala,Uganda,UGA,2016
Eastern Africa,Uganda,62.12,5.05,36.0,21.0,50.2,47.33,35.5,23.2,32.39,62.17,40127085,UGA,Uganda,Kampala,Uganda,UGA,2017
Eastern Africa,Uganda,62.71,4.93,34.4,20.5,47.7,46.76,34.1,23.77,41.92,58.95,41515395,UGA,Uganda,Kampala,Uganda,UGA,2018
Eastern Africa,Uganda,62.99,4.81,33.2,20.0,45.6,46.2,32.5,24.36,41.3,59.13,42949080,UGA,Uganda,Kampala,Uganda,UGA,2019
Eastern Africa,Uganda,62.85,4.69,32.1,19.5,43.7,45.67,31.5,24.95,42.14,62.36,44404611,UGA,Uganda,Kampala,Uganda,UGA,2020
Eastern Africa,Uganda,62.7,4.58,31.2,19.0,42.1,45.19,31.6,25.55,45.22,65.7,45853778,UGA,Uganda,Kampala,Uganda,UGA,2021
Eastern Africa,Zambia,57.77,5.27,50.2,26.7,76.5,46.41,40.2,39.85,28.32,57.23,14265814,ZMB,Zambia,Lusaka,Zambia,ZMB,2011
Eastern Africa,Zambia,58.87,5.15,49.3,26.6,74.5,46.24,38.6,40.35,29.19,71.38,14744658,ZMB,Zambia,Lusaka,Zambia,ZMB,2012
Eastern Africa,Zambia,59.88,5.03,48.1,26.4,72.0,46.04,36.7,40.86,30.05,68.24,15234976,ZMB,Zambia,Lusaka,Zambia,ZMB,2013
Eastern Africa,Zambia,60.7,4.9,47.2,26.3,69.5,45.79,35.0,41.38,27.9,64.27,15737793,ZMB,Zambia,Lusaka,Zambia,ZMB,2014
Eastern Africa,Zambia,61.21,4.79,47.2,26.2,68.2,45.5,33.0,41.91,31.1,71.13,16248230,ZMB,Zambia,Lusaka,Zambia,ZMB,2015
Eastern Africa,Zambia,61.79,4.71,45.6,26.1,65.3,45.19,31.2,42.44,35.38,71.67,16767761,ZMB,Zambia,Lusaka,Zambia,ZMB,2016
Eastern Africa,Zambia,62.12,4.61,44.2,25.9,64.2,44.86,29.4,42.98,40.3,77.69,17298054,ZMB,Zambia,Lusaka,Zambia,ZMB,2017
Eastern Africa,Zambia,62.34,4.54,43.6,25.7,64.2,44.5,28.8,43.52,40.23,86.74,17835893,ZMB,Zambia,Lusaka,Zambia,ZMB,2018
Eastern Africa,Zambia,62.79,4.45,42.4,25.4,62.6,44.1,29.2,44.07,43.0,93.69,18380477,ZMB,Zambia,Lusaka,Zambia,ZMB,2019
Eastern Africa,Zambia,62.38,4.38,41.1,25.0,59.7,43.68,30.0,44.63,44.6,100.93,18927715,ZMB,Zambia,Lusaka,Zambia,ZMB,2020
Eastern Africa,Zambia,61.22,4.31,40.2,24.6,57.7,43.26,29.8,45.19,46.69,103.97,19473125,ZMB,Zambia,Lusaka,Zambia,ZMB,2021
Eastern Africa,Zimbabwe,53.35,4.1,51.4,31.1,80.6,43.38,25.1,33.02,36.9,70.63,13025785,ZWE,Zimbabwe,Harare,Zimbabwe,ZWE,2011
Eastern Africa,Zimbabwe,55.63,4.1,47.0,30.1,72.1,43.45,25.1,32.83,44.0,95.09,13265331,ZWE,Zimbabwe,Harare,Zimbabwe,ZWE,2012
Eastern Africa,Zimbabwe,57.46,4.06,45.2,29.2,66.2,43.37,27.0,32.65,40.64,100.57,13555422,ZWE,Zimbabwe,Harare,Zimbabwe,ZWE,2013
Eastern Africa,Zimbabwe,58.85,3.96,43.2,28.5,62.6,43.17,30.0,32.5,32.3,85.15,13855753,ZWE,Zimbabwe,Harare,Zimbabwe,ZWE,2014
Eastern Africa,Zimbabwe,59.59,3.85,42.1,27.9,60.5,42.87,32.6,32.38,33.7,90.13,14154937,ZWE,Zimbabwe,Harare,Zimbabwe,ZWE,2015
Eastern Africa,Zimbabwe,60.31,3.77,40.6,27.5,57.9,42.52,35.1,32.3,42.47,89.11,14452704,ZWE,Zimbabwe,Harare,Zimbabwe,ZWE,2016
Eastern Africa,Zimbabwe,60.71,3.71,39.5,27.1,56.2,42.15,36.3,32.24,43.98,95.53,14751101,ZWE,Zimbabwe,Harare,Zimbabwe,ZWE,2017
Eastern Africa,Zimbabwe,61.41,3.66,38.0,26.6,53.7,41.8,38.2,32.21,45.4,85.76,15052184,ZWE,Zimbabwe,Harare,Zimbabwe,ZWE,2018
Eastern Africa,Zimbabwe,61.29,3.6,37.1,26.1,52.7,41.47,38.9,32.21,46.68,85.94,15354608,ZWE,Zimbabwe,Harare,Zimbabwe,ZWE,2019
Eastern Africa,Zimbabwe,61.12,3.54,36.6,25.5,51.8,41.16,39.1,32.24,52.75,84.19,15669666,ZWE,Zimbabwe,Harare,Zimbabwe,ZWE,2020
Eastern Africa,Zimbabwe,59.25,3.49,35.7,25.0,49.5,40.89,38.4,32.3,48.98,89.15,15993524,ZWE,Zimbabwe,Harare,Zimbabwe,ZWE,2021
Middle Africa,Angola,57.6,6.12,71.4,35.3,112.2,45.75,14.2,60.53,34.6,49.77,24259111,AGO,Angola,Luanda,Angola,AGO,2011
Middle Africa,Angola,58.62,6.04,67.2,34.0,104.9,45.75,13.3,61.27,37.26,50.76,25188292,AGO,Angola,Luanda,Angola,AGO,2012
Middle Africa,Angola,59.31,5.95,63.5,32.8,98.3,45.76,12.7,62.0,38.4,50.81,26147002,AGO,Angola,Luanda,Angola,AGO,2013
Middle Africa,Angola,60.04,5.86,60.5,31.7,92.9,45.76,12.5,62.73,32.0,51.8,27128337,AGO,Angola,Luanda,Angola,AGO,2014
Middle Africa,Angola,60.66,5.77,57.9,30.7,88.3,45.76,13.5,63.45,42.0,49.36,28127721,AGO,Angola,Luanda,Angola,AGO,2015
Middle Africa,Angola,61.09,5.69,55.7,30.0,84.4,45.72,14.4,64.15,41.79,44.59,29154746,AGO,Angola,Luanda,Angola,AGO,2016
Middle Africa,Angola,61.68,5.6,53.8,29.2,81.1,45.64,14.7,64.84,42.91,44.11,30208628,AGO,Angola,Luanda,Angola,AGO,2017
Middle Africa,Angola,62.14,5.52,52.0,28.5,78.0,45.55,15.2,65.51,45.29,42.49,31273533,AGO,Angola,Luanda,Angola,AGO,2018
Middle Africa,Angola,62.45,5.44,50.4,27.9,75.0,45.43,17.5,66.18,45.63,45.84,32353588,AGO,Angola,Luanda,Angola,AGO,2019
Middle Africa,Angola,62.26,5.37,48.7,27.3,72.1,45.31,20.1,66.82,46.96,43.81,33428486,AGO,Angola,Luanda,Angola,AGO,2020
Middle Africa,Angola,61.64,5.3,47.2,26.6,69.4,45.18,21.6,67.46,48.22,44.42,34503774,AGO,Angola,Luanda,Angola,AGO,2021
Middle Africa,Cameroon,57.13,5.06,66.6,31.2,105.9,43.75,4.0,52.16,53.7,51.28,20448873,CMR,Cameroon,Yaounde,Cameroon,CMR,2011
Middle Africa,Cameroon,57.79,4.99,64.3,30.7,101.5,43.7,3.7,52.77,55.16,62.32,21032684,CMR,Cameroon,Yaounde,Cameroon,CMR,2012
Middle Africa,Cameroon,58.48,4.91,61.6,30.3,96.9,43.63,3.8,53.37,56.32,72.41,21632850,CMR,Cameroon,Yaounde,Cameroon,CMR,2013
Middle Africa,Cameroon,58.94,4.86,59.5,29.8,92.5,43.46,4.1,53.98,56.8,76.41,22299585,CMR,Cameroon,Yaounde,Cameroon,CMR,2014
Middle Africa,Cameroon,59.66,4.83,57.1,29.2,88.1,43.26,4.4,54.58,58.62,78.92,23012646,CMR,Cameroon,Yaounde,Cameroon,CMR,2015
Middle Africa,Cameroon,60.23,4.82,55.3,28.7,84.3,43.14,5.0,55.18,59.76,78.94,23711630,CMR,Cameroon,Yaounde,Cameroon,CMR,2016
Middle Africa,Cameroon,60.81,4.77,53.2,28.0,80.8,43.06,5.6,55.78,60.9,82.55,24393181,CMR,Cameroon,Yaounde,Cameroon,CMR,2017
Middle Africa,Cameroon,61.18,4.69,51.5,27.4,77.7,42.97,5.9,56.37,62.2,73.6,25076747,CMR,Cameroon,Yaounde,Cameroon,CMR,2018
Middle Africa,Cameroon,61.58,4.62,50.1,26.8,75.1,42.81,5.8,56.97,63.18,83.01,25782341,CMR,Cameroon,Yaounde,Cameroon,CMR,2019
Middle Africa,Cameroon,60.83,4.54,48.5,26.2,72.4,42.63,5.6,57.56,64.31,84.37,26491087,CMR,Cameroon,Yaounde,Cameroon,CMR,2020
Middle Africa,Cameroon,60.33,4.46,47.0,25.6,69.8,42.43,6.4,58.15,65.45,79.97,27198628,CMR,Cameroon,Yaounde,Cameroon,CMR,2021
Middle Africa,Central African Republic,49.95,5.96,89.3,35.7,126.4,46.33,34.9,39.14,10.44,20.97,4732022,CAF,Central African Republic,Bangui,Central African Republic,CAF,2011
Middle Africa,Central African Republic,50.69,6.01,87.8,35.3,123.3,46.89,37.4,39.39,10.97,23.95,4773306,CAF,Central African Republic,Bangui,Central African Republic,CAF,2012
Middle Africa,Central African Republic,50.9,6.02,86.9,34.9,121.1,47.49,42.1,39.66,11.5,28.33,4802428,CAF,Central African Republic,Bangui,Central African Republic,CAF,2013
Middle Africa,Central African Republic,50.57,6.02,85.3,34.6,118.6,48.27,46.9,39.96,12.04,24.08,4798734,CAF,Central African Republic,Bangui,Central African Republic,CAF,2014
Middle Africa,Central African Republic,52.79,6.04,83.7,34.3,115.5,48.75,49.1,40.28,12.71,25.78,4819333,CAF,Central African Republic,Bangui,Central African Republic,CAF,2015
Middle Africa,Central African Republic,53.46,6.04,82.4,33.9,112.7,48.7,48.0,40.62,13.4,25.45,4904177,CAF,Central African Republic,Bangui,Central African Republic,CAF,2016
Middle Africa,Central African Republic,53.72,6.05,81.7,33.6,110.9,48.64,46.7,40.98,14.07,23.52,4996741,CAF,Central African Republic,Bangui,Central African Republic,CAF,2017
Middle Africa,Central African Republic,54.37,6.04,80.3,33.2,108.8,48.58,44.5,41.36,14.64,25.11,5094780,CAF,Central African Republic,Bangui,Central African Republic,CAF,2018
Middle Africa,Central African Republic,55.02,6.01,78.6,32.8,105.9,48.43,44.8,41.77,14.3,30.62,5209324,CAF,Central African Republic,Bangui,Central African Republic,CAF,2019
Middle Africa,Central African Republic,54.6,5.98,77.2,32.4,103.0,48.21,45.7,42.2,15.41,34.27,5343020,CAF,Central African Republic,Bangui,Central African Republic,CAF,2020
Middle Africa,Central African Republic,53.9,5.98,75.4,31.9,99.9,48.18,48.7,42.65,15.68,33.55,5457154,CAF,Central African Republic,Bangui,Central African Republic,CAF,2021
Middle Africa,Chad,50.01,6.95,82.7,37.6,144.5,48.58,24.2,22.05,8.98,29.76,12317730,TCD,Chad,N'Djamena,Chad,TCD,2011
Middle Africa,Chad,50.54,6.9,81.0,37.2,140.6,48.53,23.8,22.14,7.79,34.51,12754906,TCD,Chad,N'Djamena,Chad,TCD,2012
Middle Africa,Chad,50.78,6.84,79.3,36.7,136.9,48.44,24.1,22.25,8.09,34.51,13216766,TCD,Chad,N'Djamena,Chad,TCD,2013
Middle Africa,Chad,51.2,6.78,77.8,36.2,133.3,48.33,25.5,22.37,8.43,38.34,13697126,TCD,Chad,N'Djamena,Chad,TCD,2014
Middle Africa,Chad,51.59,6.71,76.1,35.6,129.5,48.35,26.2,22.52,7.7,38.65,14140274,TCD,Chad,N'Djamena,Chad,TCD,2015
Middle Africa,Chad,52.08,6.62,74.5,35.1,125.8,48.34,26.1,22.68,9.25,38.28,14592585,TCD,Chad,N'Djamena,Chad,TCD,2016
Middle Africa,Chad,52.31,6.54,72.7,34.5,121.9,48.23,26.0,22.86,10.9,42.22,15085884,TCD,Chad,N'Djamena,Chad,TCD,2017
Middle Africa,Chad,52.82,6.46,71.0,34.0,118.0,48.08,26.8,23.06,10.06,44.76,15604210,TCD,Chad,N'Djamena,Chad,TCD,2018
Middle Africa,Chad,53.26,6.41,69.3,33.4,114.3,47.94,28.1,23.28,8.4,47.53,16126866,TCD,Chad,N'Djamena,Chad,TCD,2019
Middle Africa,Chad,52.78,6.35,67.6,32.9,110.5,47.82,29.8,23.52,10.87,52.19,16644701,TCD,Chad,N'Djamena,Chad,TCD,2020
Middle Africa,Chad,52.52,6.26,66.0,32.3,107.1,47.66,31.4,23.78,11.27,60.22,17179740,TCD,Chad,N'Djamena,Chad,TCD,2021
Middle Africa,Congo,61.99,4.79,41.9,22.3,60.1,40.82,38.8,63.71,40.82,84.74,4584216,COG,Republic of Congo,Brazzaville,"Congo, Rep.",COG,2011
Middle Africa,Congo,62.32,4.75,40.9,22.0,58.2,41.13,35.8,64.17,41.6,90.87,4713257,COG,Republic of Congo,Brazzaville,"Congo, Rep.",COG,2012
Middle Africa,Congo,62.7,4.69,39.8,21.6,56.4,41.49,31.0,64.63,42.5,96.51,4828066,COG,Republic of Congo,Brazzaville,"Congo, Rep.",COG,2013
Middle Africa,Congo,62.95,4.63,38.8,21.3,54.6,41.78,27.9,65.08,43.4,99.7,4944861,COG,Republic of Congo,Brazzaville,"Congo, Rep.",COG,2014
Middle Africa,Congo,63.23,4.56,37.7,20.9,52.8,42.0,27.7,65.54,44.33,102.99,5064386,COG,Republic of Congo,Brazzaville,"Congo, Rep.",COG,2015
Middle Africa,Congo,63.58,4.49,36.7,20.4,51.0,42.11,28.5,66.0,45.28,104.57,5186824,COG,Republic of Congo,Brazzaville,"Congo, Rep.",COG,2016
Middle Africa,Congo,63.76,4.43,35.7,20.0,49.3,42.1,30.2,66.46,46.21,95.17,5312340,COG,Republic of Congo,Brazzaville,"Congo, Rep.",COG,2017
Middle Africa,Congo,64.05,4.37,34.8,19.6,47.7,42.03,30.8,66.92,47.04,91.89,5441062,COG,Republic of Congo,Brazzaville,"Congo, Rep.",COG,2018
Middle Africa,Congo,62.75,4.3,35.9,19.2,52.4,41.89,31.1,67.37,47.73,91.82,5570733,COG,Republic of Congo,Brazzaville,"Congo, Rep.",COG,2019
Middle Africa,Congo,63.78,4.23,32.9,18.7,44.5,41.67,32.0,67.83,48.68,98.52,5702174,COG,Republic of Congo,Brazzaville,"Congo, Rep.",COG,2020
Middle Africa,Congo,63.52,4.17,32.0,18.4,43.0,41.4,33.3,68.28,49.66,96.79,5835806,COG,Republic of Congo,Brazzaville,"Congo, Rep.",COG,2021
Middle Africa,Democratic Republic of the Congo,57.07,6.58,81.8,31.9,110.7,46.12,28.4,40.54,13.73,22.79,68654269,COD,Democratic Republic of the Congo,Kinshasa,"Congo, Dem. Rep.",COD,2011
Middle Africa,Democratic Republic of the Congo,57.25,6.56,79.5,31.3,106.8,46.13,29.2,41.08,15.4,28.3,70997870,COD,Democratic Republic of the Congo,Kinshasa,"Congo, Dem. Rep.",COD,2012
Middle Africa,Democratic Republic of the Congo,57.76,6.53,77.4,30.7,103.3,46.17,29.4,41.63,15.17,38.43,73460021,COD,Democratic Republic of the Congo,Kinshasa,"Congo, Dem. Rep.",COD,2013
Middle Africa,Democratic Republic of the Congo,58.3,6.48,75.3,30.1,99.7,46.21,29.6,42.18,13.5,48.8,76035588,COD,Democratic Republic of the Congo,Kinshasa,"Congo, Dem. Rep.",COD,2014
Middle Africa,Democratic Republic of the Congo,58.49,6.44,73.4,29.6,96.5,46.25,30.2,42.74,16.58,48.0,78656904,COD,Democratic Republic of the Congo,Kinshasa,"Congo, Dem. Rep.",COD,2015
Middle Africa,Democratic Republic of the Congo,59.07,6.39,71.5,29.1,93.4,46.26,30.8,43.31,17.29,35.48,81430977,COD,Democratic Republic of the Congo,Kinshasa,"Congo, Dem. Rep.",COD,2016
Middle Africa,Democratic Republic of the Congo,59.41,6.35,69.5,28.5,90.3,46.28,31.2,43.88,17.99,41.97,84283273,COD,Democratic Republic of the Congo,Kinshasa,"Congo, Dem. Rep.",COD,2017
Middle Africa,Democratic Republic of the Congo,59.94,6.3,67.6,28.0,87.2,46.35,31.0,44.46,18.68,41.88,87087355,COD,Democratic Republic of the Congo,Kinshasa,"Congo, Dem. Rep.",COD,2018
Middle Africa,Democratic Republic of the Congo,60.28,6.25,65.9,27.5,84.4,46.44,32.5,45.05,19.1,41.29,89906890,COD,Democratic Republic of the Congo,Kinshasa,"Congo, Dem. Rep.",COD,2019
Middle Africa,Democratic Republic of the Congo,59.74,6.21,64.1,27.0,81.7,46.49,33.9,45.64,20.07,43.94,92853164,COD,Democratic Republic of the Congo,Kinshasa,"Congo, Dem. Rep.",COD,2020
Middle Africa,Democratic Republic of the Congo,59.19,6.16,62.4,26.5,79.0,46.53,35.3,46.24,20.77,48.89,95894118,COD,Democratic Republic of the Congo,Kinshasa,"Congo, Dem. Rep.",COD,2021
Middle Africa,Gabon,64.04,4.15,40.1,23.7,59.3,37.21,15.9,86.09,88.73,133.72,1772500,GAB,Gabon,Libreville,Gabon,GAB,2011
Middle Africa,Gabon,64.59,4.09,38.7,23.2,56.8,37.03,15.4,86.63,89.3,139.26,1836705,GAB,Gabon,Libreville,Gabon,GAB,2012
Middle Africa,Gabon,64.78,4.02,37.3,22.7,54.2,36.86,15.4,87.16,86.4,144.32,1902226,GAB,Gabon,Libreville,Gabon,GAB,2013
Middle Africa,Gabon,64.97,3.95,36.5,22.3,52.2,36.74,15.7,87.65,87.08,149.11,1966855,GAB,Gabon,Libreville,Gabon,GAB,2014
Middle Africa,Gabon,65.46,3.89,35.3,21.9,50.4,36.66,16.3,88.12,87.33,139.09,2028517,GAB,Gabon,Libreville,Gabon,GAB,2015
Middle Africa,Gabon,65.8,3.82,34.0,21.4,48.4,36.63,17.4,88.56,88.08,142.0,2086206,GAB,Gabon,Libreville,Gabon,GAB,2016
Middle Africa,Gabon,66.19,3.75,33.2,20.9,46.6,36.63,18.4,88.98,86.27,124.44,2140215,GAB,Gabon,Libreville,Gabon,GAB,2017
Middle Africa,Gabon,66.31,3.68,32.2,20.4,44.9,36.63,19.5,89.37,89.57,133.69,2192012,GAB,Gabon,Libreville,Gabon,GAB,2018
Middle Africa,Gabon,66.6,3.62,31.2,19.9,43.2,36.6,20.9,89.74,90.32,133.44,2242785,GAB,Gabon,Libreville,Gabon,GAB,2019
Middle Africa,Gabon,66.53,3.55,29.8,19.5,41.0,36.53,22.1,90.09,91.06,133.02,2292573,GAB,Gabon,Libreville,Gabon,GAB,2020
Middle Africa,Gabon,65.82,3.49,29.4,18.9,39.7,36.42,23.0,90.42,91.81,134.32,2341179,GAB,Gabon,Libreville,Gabon,GAB,2021
Middle Africa,Sao Tome and Principe,64.9,4.72,25.8,15.3,33.3,42.04,16.2,66.06,62.61,61.83,186044,STP,Sao Tome and Principe,Sao Tome,Sao Tome and Principe,STP,2011
Middle Africa,Sao Tome and Principe,65.75,4.67,23.9,14.3,30.5,42.08,16.1,67.16,57.9,64.33,189924,STP,Sao Tome and Principe,Sao Tome,Sao Tome and Principe,STP,2012
Middle Africa,Sao Tome and Principe,66.33,4.6,22.0,13.3,27.8,42.23,15.9,68.21,64.96,64.68,193757,STP,Sao Tome and Principe,Sao Tome,Sao Tome and Principe,STP,2013
Middle Africa,Sao Tome and Principe,66.84,4.51,20.2,12.3,25.4,42.3,16.2,69.21,68.6,65.06,197497,STP,Sao Tome and Principe,Sao Tome,Sao Tome and Principe,STP,2014
Middle Africa,Sao Tome and Principe,67.25,4.39,18.6,11.3,23.3,42.27,16.1,70.17,67.31,91.97,201124,STP,Sao Tome and Principe,Sao Tome,Sao Tome and Principe,STP,2015
Middle Africa,Sao Tome and Principe,67.49,4.27,17.1,10.4,21.4,42.12,15.8,71.09,69.36,87.01,204632,STP,Sao Tome and Principe,Sao Tome,Sao Tome and Principe,STP,2016
Middle Africa,Sao Tome and Principe,68.27,4.14,15.7,9.6,19.7,41.87,15.3,71.97,74.27,83.62,208036,STP,Sao Tome and Principe,Sao Tome,Sao Tome and Principe,STP,2017
Middle Africa,Sao Tome and Principe,68.36,4.04,14.5,9.0,18.3,41.54,15.3,72.8,71.0,76.94,211344,STP,Sao Tome and Principe,Sao Tome,Sao Tome and Principe,STP,2018
Middle Africa,Sao Tome and Principe,68.52,3.96,13.6,8.4,17.1,41.13,14.9,73.6,75.12,77.24,214599,STP,Sao Tome and Principe,Sao Tome,Sao Tome and Principe,STP,2019
Middle Africa,Sao Tome and Principe,67.78,3.89,12.8,8.0,16.2,40.61,13.5,74.35,76.81,79.68,218641,STP,Sao Tome and Principe,Sao Tome,Sao Tome and Principe,STP,2020
Middle Africa,Sao Tome and Principe,67.59,3.82,12.1,7.6,15.4,40.04,13.1,75.07,78.45,84.82,223107,STP,Sao Tome and Principe,Sao Tome,Sao Tome and Principe,STP,2021
Northern Africa,Algeria,74.12,2.88,23.3,17.5,27.1,27.64,3.7,68.24,99.0,97.46,36543541,DZA,Algeria,Algier,Algeria,DZA,2011
Northern Africa,Algeria,74.2,2.96,22.8,17.0,26.5,27.83,3.1,68.92,98.76,100.72,37260563,DZA,Algeria,Algier,Algeria,DZA,2012
Northern Africa,Algeria,74.61,2.96,22.4,16.5,26.1,28.16,2.9,69.58,99.19,103.99,38000626,DZA,Algeria,Algier,Algeria,DZA,2013
Northern Africa,Algeria,75.11,3.0,22.0,15.9,25.7,28.57,2.7,70.22,99.27,111.71,38760168,DZA,Algeria,Algier,Algeria,DZA,2014
Northern Africa,Algeria,75.62,3.04,21.7,15.4,25.3,29.0,2.6,70.85,99.36,109.32,39543154,DZA,Algeria,Algier,Algeria,DZA,2015
Northern Africa,Algeria,75.73,3.05,21.4,15.2,24.9,29.44,2.6,71.46,99.43,116.61,40339329,DZA,Algeria,Algier,Algeria,DZA,2016
Northern Africa,Algeria,75.74,3.05,21.0,15.5,24.5,29.85,2.6,72.05,99.53,111.45,41136546,DZA,Algeria,Algier,Algeria,DZA,2017
Northern Africa,Algeria,76.07,3.02,20.6,15.9,24.0,30.21,2.5,72.63,99.64,112.47,41927007,DZA,Algeria,Algier,Algeria,DZA,2018
Northern Africa,Algeria,76.47,2.99,20.1,16.1,23.5,30.47,2.5,73.19,99.5,106.37,42705368,DZA,Algeria,Algier,Algeria,DZA,2019
Northern Africa,Algeria,74.45,2.94,19.6,16.0,22.9,30.65,2.5,73.73,99.72,104.84,43451666,DZA,Algeria,Algier,Algeria,DZA,2020
Northern Africa,Algeria,76.38,2.89,19.2,15.6,22.3,30.71,2.5,74.26,99.79,106.42,44177969,DZA,Algeria,Algier,Algeria,DZA,2021
Northern Africa,Egypt,69.88,3.25,23.1,14.6,27.6,33.22,4.9,43.0,99.44,93.53,89200054,EGY,Egypt,Cairo,"Egypt, Arab Rep.",EGY,2011
Northern Africa,Egypt,70.08,3.34,22.3,14.0,26.4,33.22,5.1,42.95,99.7,106.09,91240376,EGY,Egypt,Cairo,"Egypt, Arab Rep.",EGY,2012
Northern Africa,Egypt,70.05,3.42,21.4,13.4,25.3,33.27,5.3,42.89,99.88,106.78,93377890,EGY,Egypt,Cairo,"Egypt, Arab Rep.",EGY,2013
Northern Africa,Egypt,70.42,3.44,20.6,12.9,24.3,33.36,5.5,42.84,99.8,99.71,95592324,EGY,Egypt,Cairo,"Egypt, Arab Rep.",EGY,2014
Northern Africa,Egypt,70.48,3.44,19.9,12.4,23.4,33.48,5.8,42.78,99.3,96.21,97723799,EGY,Egypt,Cairo,"Egypt, Arab Rep.",EGY,2015
Northern Africa,Egypt,70.84,3.2,19.2,12.0,22.6,33.53,6.0,42.73,100.0,98.0,99784030,EGY,Egypt,Cairo,"Egypt, Arab Rep.",EGY,2016
Northern Africa,Egypt,71.3,3.15,18.6,11.5,21.8,33.5,6.4,42.7,100.0,101.15,101789386,EGY,Egypt,Cairo,"Egypt, Arab Rep.",EGY,2017
Northern Africa,Egypt,71.37,3.1,17.9,11.1,21.0,33.44,6.3,42.7,100.0,90.4,103740765,EGY,Egypt,Cairo,"Egypt, Arab Rep.",EGY,2018
Northern Africa,Egypt,71.36,3.0,17.3,10.7,20.3,33.34,6.3,42.73,100.0,90.27,105618671,EGY,Egypt,Cairo,"Egypt, Arab Rep.",EGY,2019
Northern Africa,Egypt,70.99,2.96,16.8,10.4,19.6,33.21,6.4,42.78,100.0,88.73,107465134,EGY,Egypt,Cairo,"Egypt, Arab Rep.",EGY,2020
Northern Africa,Egypt,70.22,2.92,16.2,10.0,19.0,33.05,7.2,42.86,100.0,94.68,109262178,EGY,Egypt,Cairo,"Egypt, Arab Rep.",EGY,2021
Northern Africa,Libya,70.07,2.65,15.0,8.5,19.5,31.1,6.5,78.28,80.29,161.6,6188132,LBY,Libya,Tripolis,Libya,LBY,2011
Northern Africa,Libya,72.25,2.68,12.9,8.1,15.0,32.41,5.2,78.51,78.68,163.33,5869870,LBY,Libya,Tripolis,Libya,LBY,2012
Northern Africa,Libya,72.34,2.72,12.3,7.7,14.4,32.1,4.8,78.76,77.07,171.01,5985221,LBY,Libya,Tripolis,Libya,LBY,2013
Northern Africa,Libya,71.51,2.75,11.8,7.4,13.8,31.8,5.4,79.01,75.45,139.35,6097764,LBY,Libya,Tripolis,Libya,LBY,2014
Northern Africa,Libya,71.7,2.71,11.4,7.1,13.3,31.55,6.1,79.27,73.83,157.41,6192235,LBY,Libya,Tripolis,Libya,LBY,2015
Northern Africa,Libya,71.76,2.67,10.9,6.9,12.8,31.26,6.6,79.54,72.21,121.93,6282196,LBY,Libya,Tripolis,Libya,LBY,2016
Northern Africa,Libya,72.48,2.63,10.6,6.6,12.3,30.88,6.9,79.82,70.58,94.38,6378261,LBY,Libya,Tripolis,Libya,LBY,2017
Northern Africa,Libya,72.79,2.58,10.2,6.4,11.9,30.42,7.1,80.1,67.0,95.21,6477793,LBY,Libya,Tripolis,Libya,LBY,2018
Northern Africa,Libya,72.46,2.54,9.9,6.2,11.5,29.92,7.7,80.39,68.47,173.54,6569088,LBY,Libya,Tripolis,Libya,LBY,2019
Northern Africa,Libya,72.47,2.51,9.5,6.0,11.1,29.4,7.9,80.69,69.37,174.69,6653942,LBY,Libya,Tripolis,Libya,LBY,2020
Northern Africa,Libya,71.91,2.46,9.2,5.8,10.8,28.86,8.4,80.99,70.21,206.7,6735277,LBY,Libya,Tripolis,Libya,LBY,2021
Northern Africa,Morocco,71.27,2.61,25.4,18.3,29.5,28.7,4.6,58.58,96.07,111.51,32903699,MAR,Morocco,Rabat,Morocco,MAR,2011
Northern Africa,Morocco,71.68,2.6,24.0,17.3,27.9,28.49,4.4,59.14,96.44,117.37,33352169,MAR,Morocco,Rabat,Morocco,MAR,2012
Northern Africa,Morocco,72.12,2.59,22.7,16.3,26.4,28.3,4.1,59.7,97.2,125.83,33803527,MAR,Morocco,Rabat,Morocco,MAR,2013
Northern Africa,Morocco,72.54,2.55,21.4,15.4,24.9,28.14,4.0,60.26,97.28,129.02,34248603,MAR,Morocco,Rabat,Morocco,MAR,2014
Northern Africa,Morocco,72.92,2.53,20.3,14.6,23.6,27.99,3.8,60.81,97.3,124.28,34680458,MAR,Morocco,Rabat,Morocco,MAR,2015
Northern Africa,Morocco,73.28,2.45,19.2,13.8,22.4,27.82,3.7,61.36,97.8,118.18,35107264,MAR,Morocco,Rabat,Morocco,MAR,2016
Northern Africa,Morocco,73.66,2.45,18.3,13.2,21.3,27.64,3.6,61.91,100.0,123.42,35528115,MAR,Morocco,Rabat,Morocco,MAR,2017
Northern Africa,Morocco,73.99,2.42,17.5,12.6,20.4,27.48,3.6,62.45,98.1,124.17,35927511,MAR,Morocco,Rabat,Morocco,MAR,2018
Northern Africa,Morocco,74.27,2.38,16.7,12.1,19.5,27.3,4.2,62.99,99.6,127.95,36304408,MAR,Morocco,Rabat,Morocco,MAR,2019
Northern Africa,Morocco,73.92,2.35,16.1,11.5,18.7,27.09,5.3,63.53,100.0,133.89,36688772,MAR,Morocco,Rabat,Morocco,MAR,2020
Northern Africa,Morocco,74.04,2.33,15.4,11.1,18.0,26.85,6.3,64.06,100.0,137.46,37076584,MAR,Morocco,Rabat,Morocco,MAR,2021
Northern Africa,Sudan,63.25,4.96,49.7,31.9,73.8,42.26,3.81,33.21,38.34,72.8,34419624,SDN,Sudan,Khartoum,Sudan,SDN,2011
Northern Africa,Sudan,63.79,4.89,48.6,31.5,71.9,42.33,3.71,33.35,40.7,78.67,35159792,SDN,Sudan,Khartoum,Sudan,SDN,2012
Northern Africa,Sudan,63.68,4.9,47.5,31.0,69.9,42.33,9.7,33.51,43.1,76.85,35990704,SDN,Sudan,Khartoum,Sudan,SDN,2013
Northern Africa,Sudan,64.27,4.91,46.4,30.6,68.0,42.2,9.3,33.69,44.9,75.12,37003245,SDN,Sudan,Khartoum,Sudan,SDN,2014
Northern Africa,Sudan,64.66,4.9,45.3,30.0,66.0,41.98,9.7,33.89,48.02,73.19,38171178,SDN,Sudan,Khartoum,Sudan,SDN,2015
Northern Africa,Sudan,64.78,4.83,44.2,29.4,64.1,41.77,10.6,34.12,50.5,70.62,39377169,SDN,Sudan,Khartoum,Sudan,SDN,2016
Northern Africa,Sudan,65.44,4.76,43.1,28.9,62.1,41.53,11.1,34.37,52.97,70.41,40679828,SDN,Sudan,Khartoum,Sudan,SDN,2017
Northern Africa,Sudan,65.68,4.68,42.0,28.3,60.3,41.33,11.5,34.64,55.34,71.67,41999059,SDN,Sudan,Khartoum,Sudan,SDN,2018
Northern Africa,Sudan,65.88,4.62,41.0,27.8,58.4,41.23,11.3,34.94,57.57,76.36,43232093,SDN,Sudan,Khartoum,Sudan,SDN,2019
Northern Africa,Sudan,65.61,4.54,39.9,27.3,56.6,41.18,11.6,35.25,59.7,79.2,44440486,SDN,Sudan,Khartoum,Sudan,SDN,2020
Northern Africa,Sudan,65.27,4.46,38.9,26.7,54.9,41.09,11.9,35.59,61.77,75.56,45657202,SDN,Sudan,Khartoum,Sudan,SDN,2021
Northern Africa,Tunisia,75.46,2.19,15.5,12.2,18.0,23.65,3.4,66.94,99.5,112.28,11032528,TUN,Tunisia,Tunis,Tunisia,TUN,2011
Northern Africa,Tunisia,75.55,2.22,15.2,12.1,17.7,23.63,3.3,67.22,99.5,114.94,11174383,TUN,Tunisia,Tunis,Tunisia,TUN,2012
Northern Africa,Tunisia,75.65,2.24,15.0,12.1,17.5,23.78,3.1,67.5,99.7,112.5,11300284,TUN,Tunisia,Tunis,Tunisia,TUN,2013
Northern Africa,Tunisia,75.65,2.25,14.9,12.0,17.3,24.0,2.9,67.77,99.8,124.98,11428948,TUN,Tunisia,Tunis,Tunisia,TUN,2014
Northern Africa,Tunisia,75.69,2.25,14.8,12.0,17.2,24.24,2.8,68.06,99.9,126.29,11557779,TUN,Tunisia,Tunis,Tunisia,TUN,2015
Northern Africa,Tunisia,75.79,2.24,14.7,12.1,17.1,24.48,2.7,68.35,100.0,122.22,11685667,TUN,Tunisia,Tunis,Tunisia,TUN,2016
Northern Africa,Tunisia,75.84,2.22,14.7,12.1,17.1,24.7,2.6,68.64,100.0,121.36,11811443,TUN,Tunisia,Tunis,Tunisia,TUN,2017
Northern Africa,Tunisia,75.95,2.17,14.6,12.1,17.0,24.86,2.5,68.94,99.8,123.77,11933041,TUN,Tunisia,Tunis,Tunisia,TUN,2018
Northern Africa,Tunisia,75.99,2.15,14.5,12.0,16.9,24.94,2.5,69.25,100.0,122.59,12049314,TUN,Tunisia,Tunis,Tunisia,TUN,2019
Northern Africa,Tunisia,75.29,2.11,14.3,11.8,16.6,24.95,2.8,69.57,99.9,122.13,12161723,TUN,Tunisia,Tunis,Tunisia,TUN,2020
Northern Africa,Tunisia,73.77,2.09,14.0,11.5,16.3,24.92,3.0,69.89,99.9,127.58,12262946,TUN,Tunisia,Tunis,Tunisia,TUN,2021
Southern Africa,Botswana,60.53,3.0,48.0,25.1,61.2,34.67,22.7,63.86,53.24,135.91,2134037,BWA,Botswana,Gaborone,Botswana,BWA,2011
Southern Africa,Botswana,60.8,2.98,42.9,24.4,55.2,34.57,22.8,64.77,55.97,141.66,2175425,BWA,Botswana,Gaborone,Botswana,BWA,2012
Southern Africa,Botswana,62.0,2.96,39.7,23.3,50.3,34.49,23.0,65.57,57.97,146.43,2217278,BWA,Botswana,Gaborone,Botswana,BWA,2013
Southern Africa,Botswana,62.61,2.95,38.7,22.4,48.2,34.38,23.3,66.37,60.02,150.88,2260376,BWA,Botswana,Gaborone,Botswana,BWA,2014
Southern Africa,Botswana,63.82,2.94,36.6,21.6,45.4,34.24,24.1,67.16,62.13,150.76,2305171,BWA,Botswana,Gaborone,Botswana,BWA,2015
Southern Africa,Botswana,65.46,2.93,35.3,21.0,43.5,34.05,25.0,67.93,64.2,139.81,2352416,BWA,Botswana,Gaborone,Botswana,BWA,2016
Southern Africa,Botswana,66.75,2.91,32.3,20.4,39.9,33.83,26.3,68.7,67.4,134.92,2401840,BWA,Botswana,Gaborone,Botswana,BWA,2017
Southern Africa,Botswana,65.42,2.9,30.9,19.9,39.0,33.62,26.4,69.45,68.25,137.93,2451409,BWA,Botswana,Gaborone,Botswana,BWA,2018
Southern Africa,Botswana,65.46,2.88,29.9,19.2,37.7,33.41,26.4,70.17,70.1,149.89,2499702,BWA,Botswana,Gaborone,Botswana,BWA,2019
Southern Africa,Botswana,65.65,2.84,29.0,18.5,36.3,33.17,24.5,70.88,71.83,150.39,2546402,BWA,Botswana,Gaborone,Botswana,BWA,2020
Southern Africa,Botswana,61.14,2.79,28.3,18.0,34.9,32.91,22.9,71.56,73.73,160.74,2588423,BWA,Botswana,Gaborone,Botswana,BWA,2021
Southern Africa,Eswatini,48.2,3.3,54.7,26.1,76.5,38.55,22.0,22.7,51.18,69.35,1105371,SWZ,Eswatini,Mbabane,Eswatini,SWZ,2011
Southern Africa,Eswatini,49.84,3.26,53.8,26.2,70.4,38.3,18.5,22.85,54.3,72.43,1111444,SWZ,Eswatini,Mbabane,Eswatini,SWZ,2012
Southern Africa,Eswatini,51.49,3.23,52.7,26.2,67.9,38.07,15.8,23.0,57.53,79.85,1118319,SWZ,Eswatini,Mbabane,Eswatini,SWZ,2013
Southern Africa,Eswatini,53.05,3.17,53.4,26.0,67.9,37.79,14.4,23.15,65.0,81.43,1125865,SWZ,Eswatini,Mbabane,Eswatini,SWZ,2014
Southern Africa,Eswatini,55.02,3.12,50.1,25.7,64.4,37.46,14.4,23.3,64.12,82.99,1133936,SWZ,Eswatini,Mbabane,Eswatini,SWZ,2015
Southern Africa,Eswatini,56.66,3.07,48.1,25.3,61.8,37.1,14.5,23.46,63.43,87.09,1142524,SWZ,Eswatini,Mbabane,Eswatini,SWZ,2016
Southern Africa,Eswatini,57.9,3.02,49.0,25.0,63.2,36.73,13.7,23.62,73.5,89.24,1151390,SWZ,Eswatini,Mbabane,Eswatini,SWZ,2017
Southern Africa,Eswatini,59.41,2.96,45.4,24.6,59.6,36.33,12.9,23.8,73.96,89.85,1160428,SWZ,Eswatini,Mbabane,Eswatini,SWZ,2018
Southern Africa,Eswatini,60.55,2.92,43.9,24.2,56.9,35.89,12.1,23.98,77.03,91.85,1169613,SWZ,Eswatini,Mbabane,Eswatini,SWZ,2019
Southern Africa,Eswatini,59.69,2.89,44.2,23.7,56.2,35.44,11.9,24.17,79.99,105.82,1180655,SWZ,Eswatini,Mbabane,Eswatini,SWZ,2020
Southern Africa,Eswatini,57.07,2.84,41.5,23.2,52.6,35.03,11.6,24.37,82.9,120.05,1192271,SWZ,Eswatini,Mbabane,Eswatini,SWZ,2021
Southern Africa,Lesotho,46.69,3.32,64.5,38.1,89.4,35.88,12.5,25.31,22.53,60.48,2037677,LSO,Lesotho,Maseru,Lesotho,LSO,2011
Southern Africa,Lesotho,47.84,3.3,64.8,38.1,86.9,35.65,15.2,25.7,20.56,75.18,2054718,LSO,Lesotho,Maseru,Lesotho,LSO,2012
Southern Africa,Lesotho,49.0,3.33,64.9,38.1,85.1,35.44,20.0,26.1,26.88,86.32,2073939,LSO,Lesotho,Maseru,Lesotho,LSO,2013
Southern Africa,Lesotho,50.03,3.29,63.8,38.0,84.0,35.28,27.2,26.5,27.8,102.08,2095242,LSO,Lesotho,Maseru,Lesotho,LSO,2014
Southern Africa,Lesotho,51.1,3.26,63.2,37.9,82.5,35.13,31.9,26.91,31.77,101.02,2118521,LSO,Lesotho,Maseru,Lesotho,LSO,2015
Southern Africa,Lesotho,52.26,3.24,63.0,37.7,77.8,34.99,34.0,27.32,35.07,106.49,2143872,LSO,Lesotho,Maseru,Lesotho,LSO,2016
Southern Africa,Lesotho,53.06,3.19,62.0,37.4,75.5,34.81,31.6,27.73,33.7,109.68,2170617,LSO,Lesotho,Maseru,Lesotho,LSO,2017
Southern Africa,Lesotho,53.73,3.14,60.8,37.0,76.4,34.6,33.0,28.15,47.0,71.98,2198017,LSO,Lesotho,Maseru,Lesotho,LSO,2018
Southern Africa,Lesotho,54.17,3.09,60.0,36.5,77.2,34.4,38.1,28.58,44.56,75.56,2225702,LSO,Lesotho,Maseru,Lesotho,LSO,2019
Southern Africa,Lesotho,54.69,3.05,58.4,35.9,75.5,34.23,43.7,29.03,47.5,69.32,2254100,LSO,Lesotho,Maseru,Lesotho,LSO,2020
Southern Africa,Lesotho,53.06,3.02,57.0,35.3,72.9,34.1,46.0,29.48,50.38,79.83,2281454,LSO,Lesotho,Maseru,Lesotho,LSO,2021
Southern Africa,Namibia,56.55,3.66,37.2,21.5,49.2,36.82,25.9,42.64,42.3,102.91,2132340,NAM,Namibia,Windhoek,Namibia,NAM,2011
Southern Africa,Namibia,57.64,3.68,38.3,21.6,50.3,36.69,23.4,43.69,46.4,99.05,2167470,NAM,Namibia,Windhoek,Namibia,NAM,2012
Southern Africa,Namibia,58.69,3.65,36.0,21.7,48.1,36.57,21.8,44.76,47.4,123.74,2204510,NAM,Namibia,Windhoek,Namibia,NAM,2013
Southern Africa,Namibia,59.82,3.64,33.5,21.7,45.5,36.44,21.0,45.83,48.38,119.08,2243001,NAM,Namibia,Windhoek,Namibia,NAM,2014
Southern Africa,Namibia,60.7,3.6,33.3,21.5,46.2,36.33,20.3,46.9,51.6,111.7,2282704,NAM,Namibia,Windhoek,Namibia,NAM,2015
Southern Africa,Namibia,61.68,3.57,32.6,21.3,45.5,36.27,19.3,47.96,49.7,114.49,2323352,NAM,Namibia,Windhoek,Namibia,NAM,2016
Southern Africa,Namibia,62.29,3.51,32.0,21.0,44.4,36.25,18.9,49.0,52.5,113.35,2364534,NAM,Namibia,Windhoek,Namibia,NAM,2017
Southern Africa,Namibia,62.59,3.46,31.5,20.6,43.6,36.24,18.2,50.03,52.32,114.7,2405680,NAM,Namibia,Windhoek,Namibia,NAM,2018
Southern Africa,Namibia,63.08,3.4,30.7,20.3,41.9,36.23,17.6,51.04,53.28,115.41,2446644,NAM,Namibia,Windhoek,Namibia,NAM,2019
Southern Africa,Namibia,62.83,3.35,30.0,19.9,40.3,36.2,17.1,52.03,52.3,116.43,2489098,NAM,Namibia,Windhoek,Namibia,NAM,2020
Southern Africa,Namibia,59.27,3.3,29.4,19.5,39.0,36.21,17.1,53.0,55.23,115.22,2530151,NAM,Namibia,Windhoek,Namibia,NAM,2021
Southern Africa,South Africa,60.65,2.44,33.3,11.7,45.5,28.52,5.1,62.75,83.6,122.04,52443325,ZAF,South Africa,Pretoria,South Africa,ZAF,2011
Southern Africa,South Africa,61.85,2.45,31.9,11.3,41.5,28.43,5.2,63.27,85.2,128.69,53145033,ZAF,South Africa,Pretoria,South Africa,ZAF,2012
Southern Africa,South Africa,62.53,2.43,31.0,11.1,39.6,28.42,5.5,63.79,85.2,142.68,53873616,ZAF,South Africa,Pretoria,South Africa,ZAF,2013
Southern Africa,South Africa,63.38,2.42,30.2,11.0,38.3,28.39,6.3,64.31,85.9,144.86,54729551,ZAF,South Africa,Pretoria,South Africa,ZAF,2014
Southern Africa,South Africa,63.95,2.36,29.4,11.0,37.3,28.28,6.5,64.83,85.3,157.49,55876504,ZAF,South Africa,Pretoria,South Africa,ZAF,2015
Southern Africa,South Africa,64.75,2.26,28.9,11.1,36.6,28.37,6.2,65.34,83.9,146.06,56422274,ZAF,South Africa,Pretoria,South Africa,ZAF,2016
Southern Africa,South Africa,65.4,2.33,28.3,11.1,35.8,28.59,5.7,65.85,84.4,156.24,56641209,ZAF,South Africa,Pretoria,South Africa,ZAF,2017
Southern Africa,South Africa,65.67,2.42,27.8,11.2,35.1,28.68,5.7,66.36,84.7,161.19,57339635,ZAF,South Africa,Pretoria,South Africa,ZAF,2018
Southern Africa,South Africa,66.18,2.48,27.3,11.1,34.3,28.75,6.1,66.86,85.0,166.94,58087055,ZAF,South Africa,Pretoria,South Africa,ZAF,2019
Southern Africa,South Africa,65.25,2.4,26.9,11.1,33.7,28.74,6.9,67.35,90.0,163.19,58801927,ZAF,South Africa,Pretoria,South Africa,ZAF,2020
Southern Africa,South Africa,62.34,2.37,26.4,11.0,32.8,28.67,7.9,67.85,89.3,168.92,59392255,ZAF,South Africa,Pretoria,South Africa,ZAF,2021
Western Africa,Benin,58.46,5.37,68.4,33.7,106.9,43.53,8.6,43.61,36.9,79.84,9726380,BEN,Benin,Porto-Novo,Benin,BEN,2011
Western Africa,Benin,58.72,5.35,67.1,33.3,104.6,43.41,8.4,44.12,38.4,83.96,10014078,BEN,Benin,Porto-Novo,Benin,BEN,2012
Western Africa,Benin,58.96,5.34,65.8,32.8,102.3,43.31,8.2,44.64,34.65,93.39,10308730,BEN,Benin,Porto-Novo,Benin,BEN,2013
Western Africa,Benin,59.12,5.35,64.6,32.3,100.1,43.23,8.2,45.17,34.1,81.59,10614844,BEN,Benin,Porto-Novo,Benin,BEN,2014
Western Africa,Benin,59.38,5.32,63.3,31.9,97.9,43.16,8.1,45.7,29.62,85.23,10932783,BEN,Benin,Porto-Novo,Benin,BEN,2015
Western Africa,Benin,59.54,5.3,62.0,31.5,95.6,43.1,8.7,46.23,37.03,78.97,11260085,BEN,Benin,Porto-Novo,Benin,BEN,2016
Western Africa,Benin,59.86,5.27,60.8,31.1,93.4,43.04,9.5,46.77,34.5,75.65,11596779,BEN,Benin,Porto-Novo,Benin,BEN,2017
Western Africa,Benin,60.14,5.2,59.5,30.7,91.1,42.95,10.4,47.31,39.01,79.24,11940683,BEN,Benin,Porto-Novo,Benin,BEN,2018
Western Africa,Benin,60.45,5.13,58.0,30.2,88.6,42.84,10.6,47.86,40.0,84.21,12290444,BEN,Benin,Porto-Novo,Benin,BEN,2019
Western Africa,Benin,60.09,5.05,56.6,29.7,86.0,42.71,10.2,48.42,40.99,88.12,12643123,BEN,Benin,Porto-Novo,Benin,BEN,2020
Western Africa,Benin,59.82,4.97,55.2,29.2,83.5,42.58,9.9,48.97,41.97,97.96,12996895,BEN,Benin,Porto-Novo,Benin,BEN,2021
Western Africa,Burkina Faso,57.12,5.87,66.4,30.5,117.2,45.67,14.2,25.2,14.78,46.27,16602651,BFA,Burkina Faso,Ouagadougou,Burkina Faso,BFA,2011
Western Africa,Burkina Faso,57.62,5.79,64.6,29.9,112.9,45.68,13.7,25.77,15.07,58.29,17113732,BFA,Burkina Faso,Ouagadougou,Burkina Faso,BFA,2012
Western Africa,Burkina Faso,57.82,5.7,62.9,29.3,108.7,45.68,13.2,26.35,15.39,63.74,17636408,BFA,Burkina Faso,Ouagadougou,Burkina Faso,BFA,2013
Western Africa,Burkina Faso,58.36,5.6,61.2,28.8,104.7,45.64,13.1,26.93,19.2,68.76,18169842,BFA,Burkina Faso,Ouagadougou,Burkina Faso,BFA,2014
Western Africa,Burkina Faso,58.84,5.48,59.7,28.3,101.1,45.55,13.3,27.53,16.15,77.18,18718019,BFA,Burkina Faso,Ouagadougou,Burkina Faso,BFA,2015
Western Africa,Burkina Faso,59.33,5.32,58.3,27.8,97.7,45.41,13.6,28.13,16.57,79.92,19275498,BFA,Burkina Faso,Ouagadougou,Burkina Faso,BFA,2016
Western Africa,Burkina Faso,59.54,5.16,56.9,27.2,94.5,45.22,13.7,28.74,17.01,90.47,19835858,BFA,Burkina Faso,Ouagadougou,Burkina Faso,BFA,2017
Western Africa,Burkina Faso,60.05,5.07,55.6,26.8,91.3,44.99,14.0,29.36,14.4,94.83,20392723,BFA,Burkina Faso,Ouagadougou,Burkina Faso,BFA,2018
Western Africa,Burkina Faso,60.04,4.97,54.2,26.3,88.2,44.74,14.6,29.98,17.6,97.2,20951639,BFA,Burkina Faso,Ouagadougou,Burkina Faso,BFA,2019
Western Africa,Burkina Faso,59.73,4.87,53.0,25.7,85.4,44.44,15.5,30.61,18.47,102.76,21522626,BFA,Burkina Faso,Ouagadougou,Burkina Faso,BFA,2020
Western Africa,Burkina Faso,59.27,4.77,51.8,25.3,82.6,44.09,16.2,31.24,18.95,111.66,22100683,BFA,Burkina Faso,Ouagadougou,Burkina Faso,BFA,2021
Western Africa,Cabo Verde,74.26,2.47,21.5,15.4,25.5,31.34,18.2,62.32,82.26,75.15,527521,CPV,Cape Verde,Praia,Cabo Verde,CPV,2011
Western Africa,Cabo Verde,74.48,2.28,20.5,14.8,24.2,30.75,18.5,62.82,83.25,79.67,533864,CPV,Cape Verde,Praia,Cabo Verde,CPV,2012
Western Africa,Cabo Verde,75.06,2.2,19.4,13.9,22.8,30.16,19.4,63.32,84.27,92.5,539940,CPV,Cape Verde,Praia,Cabo Verde,CPV,2013
Western Africa,Cabo Verde,75.24,2.17,18.1,13.1,21.3,29.59,20.7,63.81,85.33,112.32,546076,CPV,Cape Verde,Praia,Cabo Verde,CPV,2014
Western Africa,Cabo Verde,74.62,2.12,16.9,12.2,19.7,29.06,21.4,64.3,86.42,110.74,552166,CPV,Cape Verde,Praia,Cabo Verde,CPV,2015
Western Africa,Cabo Verde,75.74,2.12,15.7,11.3,18.3,28.61,21.7,64.78,87.53,107.8,558394,CPV,Cape Verde,Praia,Cabo Verde,CPV,2016
Western Africa,Cabo Verde,76.59,2.09,14.6,10.5,17.0,28.24,20.9,65.26,88.61,108.37,564954,CPV,Cape Verde,Praia,Cabo Verde,CPV,2017
Western Africa,Cabo Verde,75.73,1.96,13.7,9.8,15.9,27.86,19.8,65.73,90.2,106.85,571202,CPV,Cape Verde,Praia,Cabo Verde,CPV,2018
Western Africa,Cabo Verde,76.0,1.93,12.9,9.3,15.0,27.46,18.5,66.19,91.4,103.23,577030,CPV,Cape Verde,Praia,Cabo Verde,CPV,2019
Western Africa,Cabo Verde,74.81,1.91,12.2,8.8,14.2,27.04,18.1,66.65,93.75,93.49,582640,CPV,Cape Verde,Praia,Cabo Verde,CPV,2020
Western Africa,Cabo Verde,74.05,1.9,11.7,8.4,13.5,26.61,18.2,67.1,95.52,100.38,587925,CPV,Cape Verde,Praia,Cabo Verde,CPV,2021
Western Africa,Cote d'Ivoire,55.52,5.03,73.1,38.8,103.2,43.93,14.4,47.75,55.8,80.44,21562914,CIV,Ivory Coast,Yamoussoukro,Cote d'Ivoire,CIV,2011
Western Africa,Cote d'Ivoire,56.16,4.97,71.1,38.1,100.1,44.03,13.4,48.17,55.8,82.23,22010712,CIV,Ivory Coast,Yamoussoukro,Cote d'Ivoire,CIV,2012
Western Africa,Cote d'Ivoire,56.75,4.92,69.2,37.5,96.9,44.04,13.4,48.59,61.45,86.3,22469268,CIV,Ivory Coast,Yamoussoukro,Cote d'Ivoire,CIV,2013
Western Africa,Cote d'Ivoire,57.21,4.87,67.3,36.8,93.5,43.89,12.6,49.01,61.9,96.13,22995555,CIV,Ivory Coast,Yamoussoukro,Cote d'Ivoire,CIV,2014
Western Africa,Cote d'Ivoire,57.76,4.81,65.6,36.2,90.5,43.62,11.9,49.44,62.6,107.67,23596741,CIV,Ivory Coast,Yamoussoukro,Cote d'Ivoire,CIV,2015
Western Africa,Cote d'Ivoire,58.06,4.76,64.2,35.6,88.0,43.34,10.6,49.88,64.3,113.37,24213622,CIV,Ivory Coast,Yamoussoukro,Cote d'Ivoire,CIV,2016
Western Africa,Cote d'Ivoire,58.48,4.74,62.6,34.9,85.6,43.06,9.8,50.33,65.6,127.77,24848016,CIV,Ivory Coast,Yamoussoukro,Cote d'Ivoire,CIV,2017
Western Africa,Cote d'Ivoire,58.85,4.61,61.0,34.2,82.8,42.76,9.0,50.78,67.15,132.61,25493988,CIV,Ivory Coast,Yamoussoukro,Cote d'Ivoire,CIV,2018
Western Africa,Cote d'Ivoire,59.32,4.54,59.0,33.6,79.7,42.44,8.4,51.24,68.57,142.94,26147551,CIV,Ivory Coast,Yamoussoukro,Cote d'Ivoire,CIV,2019
Western Africa,Cote d'Ivoire,59.03,4.47,57.5,32.9,77.3,42.11,7.9,51.71,69.88,149.54,26811790,CIV,Ivory Coast,Yamoussoukro,Cote d'Ivoire,CIV,2020
Western Africa,Cote d'Ivoire,58.6,4.42,55.9,32.3,74.8,41.8,7.7,52.18,71.14,162.17,27478249,CIV,Ivory Coast,Yamoussoukro,Cote d'Ivoire,CIV,2021
Western Africa,Equatorial Guinea,58.41,5.13,76.7,34.9,107.5,38.8,10.79,67.49,66.1,41.84,1144588,GNQ,Equatorial Guinea,Malabo,Equatorial Guinea,GNQ,2011
Western Africa,Equatorial Guinea,58.86,5.04,74.3,34.2,103.6,38.69,10.96,69.0,65.75,41.98,1193636,GNQ,Equatorial Guinea,Malabo,Equatorial Guinea,GNQ,2012
Western Africa,Equatorial Guinea,59.22,4.95,72.1,33.5,100.2,38.64,10.85,69.54,65.88,41.06,1243941,GNQ,Equatorial Guinea,Malabo,Equatorial Guinea,GNQ,2013
Western Africa,Equatorial Guinea,59.6,4.86,69.9,32.9,96.8,38.64,10.74,70.08,66.0,39.88,1295183,GNQ,Equatorial Guinea,Malabo,Equatorial Guinea,GNQ,2014
Western Africa,Equatorial Guinea,60.1,4.77,68.0,32.1,93.7,38.68,10.57,70.62,66.12,39.6,1346973,GNQ,Equatorial Guinea,Malabo,Equatorial Guinea,GNQ,2015
Western Africa,Equatorial Guinea,60.48,4.69,66.0,31.5,90.6,38.77,10.6,71.14,66.24,41.15,1398927,GNQ,Equatorial Guinea,Malabo,Equatorial Guinea,GNQ,2016
Western Africa,Equatorial Guinea,60.82,4.6,64.1,30.9,87.6,38.86,10.71,71.65,66.35,39.02,1450694,GNQ,Equatorial Guinea,Malabo,Equatorial Guinea,GNQ,2017
Western Africa,Equatorial Guinea,61.19,4.51,62.2,30.2,84.7,38.91,10.87,72.14,66.46,39.36,1502091,GNQ,Equatorial Guinea,Malabo,Equatorial Guinea,GNQ,2018
Western Africa,Equatorial Guinea,61.64,4.43,60.4,29.7,81.9,38.87,11.89,72.63,66.57,39.73,1553031,GNQ,Equatorial Guinea,Malabo,Equatorial Guinea,GNQ,2019
Western Africa,Equatorial Guinea,60.71,4.35,58.8,29.1,79.3,38.86,13.03,73.1,66.68,46.62,1596049,GNQ,Equatorial Guinea,Malabo,Equatorial Guinea,GNQ,2020
Western Africa,Equatorial Guinea,60.59,4.27,57.2,28.5,76.8,38.77,14.22,73.56,66.79,49.97,1634466,GNQ,Equatorial Guinea,Malabo,Equatorial Guinea,GNQ,2021
Western Africa,Gambia,61.53,5.64,44.6,32.6,70.8,45.74,12.9,56.38,48.32,70.12,1998212,GMB,Gambia,Banjul,"Gambia, The",GMB,2011
Western Africa,Gambia,62.1,5.59,43.3,31.8,68.0,45.7,13.6,57.1,49.86,74.05,2061014,GMB,Gambia,Banjul,"Gambia, The",GMB,2012
Western Africa,Gambia,62.11,5.51,42.1,31.0,65.2,45.62,14.4,57.82,51.5,87.01,2124869,GMB,Gambia,Banjul,"Gambia, The",GMB,2013
Western Africa,Gambia,62.27,5.42,41.0,30.2,62.6,45.5,15.4,58.53,53.04,104.32,2189019,GMB,Gambia,Banjul,"Gambia, The",GMB,2014
Western Africa,Gambia,62.49,5.31,39.8,29.5,60.1,45.36,15.9,59.23,54.69,120.53,2253133,GMB,Gambia,Banjul,"Gambia, The",GMB,2015
Western Africa,Gambia,63.01,5.2,38.7,28.7,57.7,45.17,16.7,59.92,56.35,122.48,2317206,GMB,Gambia,Banjul,"Gambia, The",GMB,2016
Western Africa,Gambia,63.0,5.09,37.7,27.9,55.5,44.94,17.6,60.6,56.2,124.56,2381182,GMB,Gambia,Banjul,"Gambia, The",GMB,2017
Western Africa,Gambia,63.04,4.97,36.7,27.2,53.4,44.65,17.8,61.27,60.3,130.12,2444916,GMB,Gambia,Banjul,"Gambia, The",GMB,2018
Western Africa,Gambia,63.76,4.87,35.8,26.5,51.5,44.31,18.3,61.93,62.1,103.02,2508883,GMB,Gambia,Banjul,"Gambia, The",GMB,2019
Western Africa,Gambia,62.61,4.78,34.9,25.9,49.6,43.93,18.7,62.58,62.23,104.04,2573995,GMB,Gambia,Banjul,"Gambia, The",GMB,2020
Western Africa,Gambia,62.08,4.68,34.0,25.3,47.9,43.5,19.6,63.22,63.7,101.44,2639916,GMB,Gambia,Banjul,"Gambia, The",GMB,2021
Western Africa,Ghana,61.65,4.19,45.6,29.4,66.5,39.12,6.3,51.39,64.06,80.77,26205941,GHA,Ghana,Accra,Ghana,GHA,2011
Western Africa,Ghana,62.08,4.18,43.8,28.6,63.4,39.09,6.6,52.07,56.51,95.38,26858762,GHA,Ghana,Accra,Ghana,GHA,2012
Western Africa,Ghana,62.42,4.14,42.2,27.9,60.5,39.05,6.9,52.75,70.7,101.82,27525597,GHA,Ghana,Accra,Ghana,GHA,2013
Western Africa,Ghana,63.04,4.05,40.6,27.2,57.8,38.98,7.5,53.42,78.3,107.68,28196358,GHA,Ghana,Accra,Ghana,GHA,2014
Western Africa,Ghana,63.18,4.05,39.2,26.5,55.4,38.86,8.2,54.09,74.0,121.26,28870939,GHA,Ghana,Accra,Ghana,GHA,2015
Western Africa,Ghana,63.89,3.91,37.9,25.8,53.1,38.68,8.3,54.75,79.3,129.61,29554303,GHA,Ghana,Accra,Ghana,GHA,2016
Western Africa,Ghana,64.01,3.71,36.7,25.2,51.0,38.43,7.6,55.41,79.0,121.6,30222262,GHA,Ghana,Accra,Ghana,GHA,2017
Western Africa,Ghana,64.12,3.73,35.6,24.6,49.1,38.15,6.5,56.06,80.4,132.6,30870641,GHA,Ghana,Accra,Ghana,GHA,2018
Western Africa,Ghana,64.74,3.68,34.5,24.0,47.2,37.89,5.7,56.71,83.5,129.61,31522290,GHA,Ghana,Accra,Ghana,GHA,2019
Western Africa,Ghana,64.11,3.62,33.5,23.4,45.5,37.58,5.1,57.35,85.44,125.73,32180401,GHA,Ghana,Accra,Ghana,GHA,2020
Western Africa,Ghana,63.8,3.56,32.6,22.8,44.0,37.25,4.9,57.98,86.3,123.21,32833031,GHA,Ghana,Accra,Ghana,GHA,2021
Western Africa,Guinea,57.02,5.3,75.6,35.4,119.8,44.29,16.4,33.97,29.46,46.17,10527712,GIN,Guinea,Conakry,Guinea,GIN,2011
Western Africa,Guinea,57.41,5.2,74.5,34.9,117.7,44.03,14.7,34.26,26.2,51.76,10788692,GIN,Guinea,Conakry,Guinea,GIN,2012
Western Africa,Guinea,57.79,5.12,73.4,34.3,115.7,43.8,13.5,34.54,32.18,67.27,11055430,GIN,Guinea,Conakry,Guinea,GIN,2013
Western Africa,Guinea,57.89,5.05,72.9,33.8,114.5,43.56,12.9,34.84,33.53,76.62,11333365,GIN,Guinea,Conakry,Guinea,GIN,2014
Western Africa,Guinea,58.13,5.02,71.9,33.4,112.6,43.33,12.9,35.14,34.88,92.59,11625998,GIN,Guinea,Conakry,Guinea,GIN,2015
Western Africa,Guinea,58.76,4.93,70.2,32.9,110.1,43.1,13.3,35.46,33.5,93.12,11930985,GIN,Guinea,Conakry,Guinea,GIN,2016
Western Africa,Guinea,59.11,4.79,69.2,32.6,108.3,42.88,13.3,35.79,35.4,95.58,12240789,GIN,Guinea,Conakry,Guinea,GIN,2017
Western Africa,Guinea,59.35,4.67,68.0,32.3,106.2,42.65,12.7,36.14,45.0,95.68,12554864,GIN,Guinea,Conakry,Guinea,GIN,2018
Western Africa,Guinea,59.72,4.58,66.8,31.9,104.0,42.38,12.5,36.5,42.2,99.96,12877539,GIN,Guinea,Conakry,Guinea,GIN,2019
Western Africa,Guinea,59.33,4.49,65.4,31.5,101.6,42.11,12.4,36.88,44.75,104.47,13205153,GIN,Guinea,Conakry,Guinea,GIN,2020
Western Africa,Guinea,58.89,4.4,63.8,31.1,98.7,41.83,12.9,37.26,46.81,101.94,13531906,GIN,Guinea,Conakry,Guinea,GIN,2021
Western Africa,Guinea-Bissau,56.97,5.05,69.6,43.8,109.0,43.43,28.1,40.51,13.52,45.53,1609017,GNB,Guinea Bissau,Bissau,Guinea-Bissau,GNB,2011
Western Africa,Guinea-Bissau,57.69,5.0,66.7,42.5,103.9,43.29,30.4,40.91,14.93,63.48,1652717,GNB,Guinea Bissau,Bissau,Guinea-Bissau,GNB,2012
Western Africa,Guinea-Bissau,58.23,4.94,64.2,41.4,99.4,43.15,33.0,41.31,16.34,55.36,1697753,GNB,Guinea Bissau,Bissau,Guinea-Bissau,GNB,2013
Western Africa,Guinea-Bissau,58.61,4.8,61.9,40.2,95.5,42.97,34.8,41.72,17.2,63.57,1743309,GNB,Guinea Bissau,Bissau,Guinea-Bissau,GNB,2014
Western Africa,Guinea-Bissau,59.13,4.67,59.9,39.2,91.8,42.76,35.1,42.12,20.11,69.23,1788919,GNB,Guinea Bissau,Bissau,Guinea-Bissau,GNB,2015
Western Africa,Guinea-Bissau,59.67,4.53,58.0,38.4,88.6,42.5,34.0,42.53,22.91,70.09,1834552,GNB,Guinea Bissau,Bissau,Guinea-Bissau,GNB,2016
Western Africa,Guinea-Bissau,60.07,4.36,56.3,37.5,85.5,42.18,32.9,42.94,26.0,76.33,1879826,GNB,Guinea Bissau,Bissau,Guinea-Bissau,GNB,2017
Western Africa,Guinea-Bissau,60.5,4.26,54.6,36.7,82.4,41.8,33.1,43.36,28.38,76.91,1924955,GNB,Guinea Bissau,Bissau,Guinea-Bissau,GNB,2018
Western Africa,Guinea-Bissau,60.88,4.17,52.9,35.9,79.5,41.4,35.3,43.78,30.93,80.71,1970457,GNB,Guinea Bissau,Bissau,Guinea-Bissau,GNB,2019
Western Africa,Guinea-Bissau,60.0,4.09,51.5,35.0,77.0,40.98,36.8,44.2,33.37,94.94,2015828,GNB,Guinea Bissau,Bissau,Guinea-Bissau,GNB,2020
Western Africa,Guinea-Bissau,59.65,4.0,50.0,34.3,74.3,40.56,37.9,44.62,35.76,108.53,2060721,GNB,Guinea Bissau,Bissau,Guinea-Bissau,GNB,2021
Western Africa,Liberia,59.62,4.97,69.9,32.5,96.8,42.9,35.8,48.19,4.1,48.33,4181150,LBR,Liberia,Monrovia,Liberia,LBR,2011
Western Africa,Liberia,59.91,4.88,68.3,32.3,94.2,42.62,36.7,48.58,9.25,54.94,4331740,LBR,Liberia,Monrovia,Liberia,LBR,2012
Western Africa,Liberia,59.94,4.75,66.9,32.3,92.0,42.72,36.6,48.98,9.8,57.61,4427313,LBR,Liberia,Monrovia,Liberia,LBR,2013
Western Africa,Liberia,59.12,4.62,67.8,32.3,92.2,42.73,36.8,49.4,9.4,71.36,4519398,LBR,Liberia,Monrovia,Liberia,LBR,2014
Western Africa,Liberia,59.15,4.52,64.6,32.2,88.3,42.63,35.9,49.82,15.23,79.18,4612329,LBR,Liberia,Monrovia,Liberia,LBR,2015
Western Africa,Liberia,60.42,4.46,63.2,32.1,86.3,42.48,35.3,50.25,17.7,66.23,4706097,LBR,Liberia,Monrovia,Liberia,LBR,2016
Western Africa,Liberia,60.55,4.4,62.1,31.8,84.5,42.32,35.1,50.7,24.2,55.46,4796631,LBR,Liberia,Monrovia,Liberia,LBR,2017
Western Africa,Liberia,60.85,4.34,60.9,31.4,82.6,42.11,35.6,51.15,22.77,89.85,4889391,LBR,Liberia,Monrovia,Liberia,LBR,2018
Western Africa,Liberia,61.1,4.26,59.6,31.0,80.6,41.83,36.9,51.62,23.1,38.85,4985289,LBR,Liberia,Monrovia,Liberia,LBR,2019
Western Africa,Liberia,60.95,4.17,58.2,30.5,78.3,41.46,37.8,52.09,27.56,32.49,5087584,LBR,Liberia,Monrovia,Liberia,LBR,2020
Western Africa,Liberia,60.75,4.09,56.7,29.9,76.0,41.01,38.4,52.57,29.85,31.83,5193416,LBR,Liberia,Monrovia,Liberia,LBR,2021
Western Africa,Mali,56.76,6.54,76.6,39.1,130.0,47.4,5.0,36.8,28.82,67.47,16039734,MLI,Mali,Bamako,Mali,MLI,2011
Western Africa,Mali,57.08,6.52,74.9,38.5,126.1,47.71,4.6,37.6,25.6,88.48,16514687,MLI,Mali,Bamako,Mali,MLI,2012
Western Africa,Mali,57.36,6.49,73.2,37.9,122.5,47.97,4.4,38.4,32.42,116.15,17004033,MLI,Mali,Bamako,Mali,MLI,2013
Western Africa,Mali,57.9,6.44,71.7,37.4,119.0,48.07,4.3,39.2,34.22,133.92,17551814,MLI,Mali,Bamako,Mali,MLI,2014
Western Africa,Mali,58.36,6.38,70.2,36.9,115.6,48.12,4.2,39.99,37.6,125.32,18112907,MLI,Mali,Bamako,Mali,MLI,2015
Western Africa,Mali,58.73,6.32,68.7,36.3,112.4,48.11,3.8,40.78,38.8,108.12,18700106,MLI,Mali,Bamako,Mali,MLI,2016
Western Africa,Mali,59.13,6.25,67.3,35.8,109.3,48.03,3.9,41.57,34.78,114.1,19311355,MLI,Mali,Bamako,Mali,MLI,2017
Western Africa,Mali,59.39,6.18,65.9,35.2,106.2,47.93,4.3,42.36,50.9,110.14,19934298,MLI,Mali,Bamako,Mali,MLI,2018
Western Africa,Mali,59.66,6.1,64.4,34.7,103.1,47.8,6.6,43.14,47.85,111.47,20567424,MLI,Mali,Bamako,Mali,MLI,2019
Western Africa,Mali,58.63,6.04,63.0,34.1,100.1,47.61,9.7,43.91,50.64,119.28,21224040,MLI,Mali,Bamako,Mali,MLI,2020
Western Africa,Mali,58.94,5.96,61.6,33.4,97.1,47.39,12.8,44.68,53.38,111.09,21904983,MLI,Mali,Bamako,Mali,MLI,2021
Western Africa,Mauritania,63.35,5.03,40.6,27.8,54.9,43.54,6.7,47.49,35.3,94.06,3524249,MRT,Mauritania,Nouakchott,Mauritania,MRT,2011
Western Africa,Mauritania,63.58,4.99,39.8,27.3,53.4,43.92,6.3,48.4,36.42,110.71,3636113,MRT,Mauritania,Nouakchott,Mauritania,MRT,2012
Western Africa,Mauritania,63.91,4.94,39.0,26.9,51.9,44.06,6.2,49.31,37.58,106.55,3742959,MRT,Mauritania,Nouakchott,Mauritania,MRT,2013
Western Africa,Mauritania,64.16,4.89,38.1,26.4,50.5,43.91,6.5,50.2,38.8,97.66,3843174,MRT,Mauritania,Nouakchott,Mauritania,MRT,2014
Western Africa,Mauritania,64.48,4.81,37.2,25.9,48.9,43.75,6.8,51.09,39.5,92.35,3946220,MRT,Mauritania,Nouakchott,Mauritania,MRT,2015
Western Africa,Mauritania,64.77,4.74,36.4,25.3,47.4,43.55,7.0,51.96,41.25,89.2,4051890,MRT,Mauritania,Nouakchott,Mauritania,MRT,2016
Western Africa,Mauritania,65.08,4.66,35.5,24.8,46.0,43.31,7.0,52.82,42.9,97.94,4160015,MRT,Mauritania,Nouakchott,Mauritania,MRT,2017
Western Africa,Mauritania,65.31,4.61,34.7,24.2,44.6,43.04,6.9,53.67,43.59,106.93,4270712,MRT,Mauritania,Nouakchott,Mauritania,MRT,2018
Western Africa,Mauritania,65.69,4.52,33.8,23.7,43.2,42.72,7.0,54.51,44.95,107.46,4383849,MRT,Mauritania,Nouakchott,Mauritania,MRT,2019
Western Africa,Mauritania,64.53,4.46,33.0,23.1,41.8,42.38,7.5,55.33,45.4,129.13,4498604,MRT,Mauritania,Nouakchott,Mauritania,MRT,2020
Western Africa,Mauritania,64.36,4.4,32.2,22.6,40.5,42.01,8.7,56.13,47.7,141.11,4614974,MRT,Mauritania,Nouakchott,Mauritania,MRT,2021
Western Africa,Niger,58.99,7.45,64.4,33.9,129.1,49.17,14.4,16.22,14.3,27.44,17283112,NER,Niger,Niamey,Niger,NER,2011
Western Africa,Niger,59.65,7.4,63.3,33.7,126.0,49.19,14.7,16.21,14.4,30.05,17954407,NER,Niger,Niamey,Niger,NER,2012
Western Africa,Niger,60.24,7.34,62.4,33.7,123.4,49.18,14.1,16.21,15.15,37.56,18653199,NER,Niger,Niamey,Niger,NER,2013
Western Africa,Niger,60.79,7.28,61.8,33.7,121.6,49.18,13.3,16.22,15.73,42.52,19372014,NER,Niger,Niamey,Niger,NER,2014
Western Africa,Niger,61.08,7.21,61.3,33.8,120.2,49.14,12.4,16.25,16.6,44.51,20128124,NER,Niger,Niamey,Niger,NER,2015
Western Africa,Niger,61.63,7.14,60.9,33.8,119.1,49.09,11.7,16.29,16.97,35.71,20921743,NER,Niger,Niamey,Niger,NER,2016
Western Africa,Niger,62.16,7.08,60.6,33.9,118.4,49.06,10.9,16.35,17.58,40.39,21737922,NER,Niger,Niamey,Niger,NER,2017
Western Africa,Niger,62.45,7.02,60.4,33.9,117.7,49.02,11.0,16.42,17.6,89.85,22577058,NER,Niger,Niamey,Niger,NER,2018
Western Africa,Niger,62.9,6.96,60.2,33.9,117.0,48.99,11.9,16.52,18.46,51.69,23443393,NER,Niger,Niamey,Niger,NER,2019
Western Africa,Niger,61.45,6.89,59.9,33.9,116.3,48.95,14.2,16.63,18.72,58.52,24333639,NER,Niger,Niamey,Niger,NER,2020
Western Africa,Niger,61.58,6.82,59.5,33.7,115.2,48.9,16.1,16.75,18.6,56.39,25252722,NER,Niger,Niamey,Niger,NER,2021
Western Africa,Nigeria,51.36,5.92,83.2,37.8,133.4,44.33,9.2,44.37,55.9,57.52,165463745,NGA,Nigeria,Abuja,Nigeria,NGA,2011
Western Africa,Nigeria,51.5,5.83,82.0,37.6,131.4,44.36,9.7,45.25,53.02,66.31,170075932,NGA,Nigeria,Abuja,Nigeria,NGA,2012
Western Africa,Nigeria,51.71,5.74,81.1,37.4,129.6,44.38,9.6,46.12,55.6,72.83,174726123,NGA,Nigeria,Abuja,Nigeria,NGA,2013
Western Africa,Nigeria,51.79,5.66,80.2,37.4,128.0,44.37,9.5,46.98,54.15,77.47,179379016,NGA,Nigeria,Abuja,Nigeria,NGA,2014
Western Africa,Nigeria,51.84,5.62,79.3,37.2,126.4,44.31,9.3,47.84,52.5,81.97,183995785,NGA,Nigeria,Abuja,Nigeria,NGA,2015
Western Africa,Nigeria,52.04,5.58,78.3,37.0,124.7,44.22,9.6,48.68,59.3,81.81,188666931,NGA,Nigeria,Abuja,Nigeria,NGA,2016
Western Africa,Nigeria,52.3,5.52,77.1,36.7,122.4,44.07,10.1,49.52,54.4,74.9,193495907,NGA,Nigeria,Abuja,Nigeria,NGA,2017
Western Africa,Nigeria,52.55,5.45,75.5,36.4,119.6,43.89,10.6,50.34,56.5,87.07,198387623,NGA,Nigeria,Abuja,Nigeria,NGA,2018
Western Africa,Nigeria,52.91,5.38,73.9,35.9,116.8,43.71,12.4,51.16,55.4,90.8,203304492,NGA,Nigeria,Abuja,Nigeria,NGA,2019
Western Africa,Nigeria,52.89,5.31,72.3,35.5,113.8,43.5,14.2,51.96,55.4,98.03,208327405,NGA,Nigeria,Abuja,Nigeria,NGA,2020
Western Africa,Nigeria,52.68,5.24,70.6,34.9,110.8,43.29,15.9,52.75,59.5,91.44,213401323,NGA,Nigeria,Abuja,Nigeria,NGA,2021
Western Africa,Senegal,65.26,5.04,41.1,26.3,62.9,43.24,10.7,44.19,56.5,72.64,12875880,SEN,Senegal,Dakar,Senegal,SEN,2011
Western Africa,Senegal,65.46,5.0,39.7,25.8,59.8,43.26,11.0,44.6,56.5,86.69,13231833,SEN,Senegal,Dakar,Senegal,SEN,2012
Western Africa,Senegal,66.07,4.96,38.2,25.3,56.7,43.27,10.8,45.02,57.0,96.6,13595566,SEN,Senegal,Dakar,Senegal,SEN,2013
Western Africa,Senegal,66.45,4.9,36.9,24.9,53.8,43.24,10.6,45.44,61.0,102.93,13970308,SEN,Senegal,Dakar,Senegal,SEN,2014
Western Africa,Senegal,66.88,4.78,35.5,24.5,51.0,43.14,9.5,45.86,60.5,104.2,14356181,SEN,Senegal,Dakar,Senegal,SEN,2015
Western Africa,Senegal,67.5,4.68,34.3,24.1,48.4,42.98,8.3,46.3,64.5,102.95,14751356,SEN,Senegal,Dakar,Senegal,SEN,2016
Western Africa,Senegal,67.75,4.62,33.0,23.5,45.9,42.79,7.3,46.74,61.7,103.96,15157793,SEN,Senegal,Dakar,Senegal,SEN,2017
Western Africa,Senegal,68.1,4.58,31.9,23.0,43.7,42.57,6.7,47.19,66.0,106.32,15574909,SEN,Senegal,Dakar,Senegal,SEN,2018
Western Africa,Senegal,68.53,4.52,30.9,22.3,41.8,42.33,6.3,47.65,70.4,111.75,16000781,SEN,Senegal,Dakar,Senegal,SEN,2019
Western Africa,Senegal,68.01,4.45,30.0,21.7,40.1,42.07,5.9,48.12,64.3,116.08,16436120,SEN,Senegal,Dakar,Senegal,SEN,2020
Western Africa,Senegal,67.09,4.39,29.1,21.1,38.6,41.76,5.7,48.6,67.98,117.68,16876720,SEN,Senegal,Dakar,Senegal,SEN,2021
Western Africa,Sierra Leone,54.62,5.21,104.2,38.5,154.5,43.02,21.1,39.25,14.2,32.32,6612385,SLE,Sierra Leone,Freetown,Sierra Leone,SLE,2011
Western Africa,Sierra Leone,55.45,5.06,101.0,37.5,148.0,42.79,21.4,39.64,17.16,32.55,6788587,SLE,Sierra Leone,Freetown,Sierra Leone,SLE,2012
Western Africa,Sierra Leone,56.31,4.87,98.0,36.6,141.9,42.51,22.7,40.04,13.5,57.43,6964859,SLE,Sierra Leone,Freetown,Sierra Leone,SLE,2013
Western Africa,Sierra Leone,56.39,4.7,96.0,35.8,140.0,42.18,22.6,40.43,18.83,66.62,7140688,SLE,Sierra Leone,Freetown,Sierra Leone,SLE,2014
Western Africa,Sierra Leone,57.19,4.55,95.5,35.1,141.0,41.81,23.7,40.83,19.66,77.34,7314773,SLE,Sierra Leone,Freetown,Sierra Leone,SLE,2015
Western Africa,Sierra Leone,58.4,4.47,90.1,34.2,126.1,41.41,24.2,41.23,20.3,83.79,7493913,SLE,Sierra Leone,Freetown,Sierra Leone,SLE,2016
Western Africa,Sierra Leone,58.65,4.39,87.6,33.5,121.4,40.99,25.7,41.64,23.4,86.29,7677565,SLE,Sierra Leone,Freetown,Sierra Leone,SLE,2017
Western Africa,Sierra Leone,59.8,4.29,85.2,32.9,116.8,40.57,26.8,42.06,26.1,80.84,7861281,SLE,Sierra Leone,Freetown,Sierra Leone,SLE,2018
Western Africa,Sierra Leone,60.26,4.19,82.8,32.2,112.5,40.17,27.5,42.48,22.7,83.63,8046828,SLE,Sierra Leone,Freetown,Sierra Leone,SLE,2019
Western Africa,Sierra Leone,59.76,4.08,80.5,31.6,108.5,39.79,27.3,42.92,26.31,83.61,8233970,SLE,Sierra Leone,Freetown,Sierra Leone,SLE,2020
Western Africa,Sierra Leone,60.06,3.98,78.3,30.9,104.7,39.39,27.8,43.37,27.49,97.7,8420641,SLE,Sierra Leone,Freetown,Sierra Leone,SLE,2021
Western Africa,Togo,57.92,4.92,56.8,29.0,86.4,41.8,19.6,38.03,39.7,39.94,6748672,TGO,Togo,Lome,Togo,TGO,2011
Western Africa,Togo,58.07,4.81,55.3,28.5,83.7,41.76,19.5,38.55,39.13,47.82,6926635,TGO,Togo,Lome,Togo,TGO,2012
Western Africa,Togo,58.68,4.72,53.8,28.0,81.1,41.69,19.2,39.06,40.95,59.99,7106229,TGO,Togo,Lome,Togo,TGO,2013
Western Africa,Togo,58.85,4.66,52.3,27.5,78.5,41.58,19.7,39.58,45.7,61.96,7288383,TGO,Togo,Lome,Togo,TGO,2014
Western Africa,Togo,59.4,4.59,50.9,27.0,75.9,41.44,19.8,40.1,44.75,64.97,7473229,TGO,Togo,Lome,Togo,TGO,2015
Western Africa,Togo,59.55,4.56,49.5,26.5,73.5,41.29,20.3,40.63,46.77,71.86,7661354,TGO,Togo,Lome,Togo,TGO,2016
Western Africa,Togo,60.15,4.5,48.2,26.0,71.2,41.11,20.0,41.16,48.0,77.3,7852795,TGO,Togo,Lome,Togo,TGO,2017
Western Africa,Togo,60.24,4.44,46.8,25.5,68.8,40.92,19.7,41.7,50.0,76.36,8046679,TGO,Togo,Lome,Togo,TGO,2018
Western Africa,Togo,60.9,4.38,45.6,25.0,66.6,40.72,18.8,42.25,52.46,75.69,8243094,TGO,Togo,Lome,Togo,TGO,2019
Western Africa,Togo,61.04,4.32,44.5,24.5,64.6,40.5,17.5,42.8,54.13,77.19,8442580,TGO,Togo,Lome,Togo,TGO,2020
Western Africa,Togo,61.62,4.26,43.4,24.0,62.6,40.25,17.4,43.36,55.74,72.35,8644829,TGO,Togo,Lome,Togo,TGO,2021
